序號,事業名稱,縣市,地址,管理單位,面積(公頃),說明,狀態,用地類別
1,台北市福德坑垃圾掩埋場,臺北市,臺北市木柵路五段151號,台北市政府環保局,98,有,已封閉,谷地
2,台北市山豬窟垃圾掩埋場,臺北市,臺北市南深路37號,台北市政府環保局,30,有,"使用中 - 未飽和",谷地
3,台北縣坪林鄉鶯仔嶺垃圾場(復育),新北市,坪林鄉文山事業區,,,,復育中,
4,台北縣八里區域垃圾衛生掩埋場,新北市,八里下罟子63號,台北縣政府環保局,68,"無;附近地區臨時起火燃燒,或遭傾倒一般廢棄物","使用中 - 未飽和",谷地
5,台北縣坪林鄉垃圾掩埋場,新北市,坪林鄉文山事業區,坪林鄉公所,9,有,"使用中 - 未飽和",坡地;坡地谷地
6,台北縣瑞芳鎮中坑垃圾掩埋場,新北市,瑞芳鎮碩仁里中坑(三爪子段中坑小段80地號),,0,,復育中,坡地
7,台北縣金山垃圾掩埋場,新北市,金山鄉永興村大小崛路7號,金山鄉公所,5.8733,有,已封閉,坡地
8,台北縣雙溪鄉垃圾掩埋場,新北市,雙溪鄉魚行段坑子內小段36、36之2、36之3、37、76地號,雙溪鄉公所,4.5024,有,復育中,坡地
9,台北縣中和市垃圾掩埋場,新北市,中和市中正路637巷60弄5號之2,中和市公所,5.574,無;91.03.31地震後周邊地區地層下陷嚴重，目前已由本所養工課處理中。,已封閉,坡地
10,台北縣石門鄉簡易掩埋場,新北市,石門鄉下角段草埔尾小段地號1-3,石門鄉公所,0.2754,有,"使用中 - 未飽和",坡地
11,台北縣瑞芳垃圾掩埋場,新北市,瑞芳鎮碩仁里中坑(三爪子段中坑小段80地號)(92),瑞芳鎮公所,9.2858,有,復育中,谷地
12,台北縣三芝鄉垃圾掩埋場,新北市,三芝鄉新小基隆段陳厝坑小段52-4號,三芝鄉公所,2.1134,有,已封閉,坡地
13,台北縣萬里鄉公所垃圾掩埋場,新北市,,萬里鄉公所,41.277,有,"使用中 - 飽和",坡地
14,台北縣三峽山員潭子區域性衛生掩埋場,新北市,三峽鎮中正路三段262號,台北縣政府環保局,18,有,復育中,谷地
15,台北縣瑞芳簡易掩埋場(舊場),新北市,大粗坑,瑞芳鎮公所,2.0166,有,已封閉,坡地
16,台北縣汐止垃圾掩埋場,新北市,"汐止市白匏湖段223-2,517,518等地號",汐止市公所,2.7,有,已封閉,坡地
17,台北縣樹林灰渣掩埋場,新北市,樹林市中山路三段216號,台北縣政府,3.64,有,"使用中 - 未飽和",坡地
18,台北縣貢寮鄉貢寮砲台山垃圾場(復育),新北市,貢寮鄉鹽寮公園旁,貢寮鄉公所,3.178,有,復育中,海岸
19,"台北縣新店市貓巡坑 垃圾衛生掩埋場",新北市,新店市永興路,新店市公所,0,有,復育中,谷地
20,泰山鄉臨時簡易掩埋場,新北市,泰山鄉橫窠路臨145號,清潔隊,0,有,已封閉,坡地
21,台北縣淡水鎮簡易掩埋場,新北市,淡水鎮義山里羊稠子,淡水鎮公所,1.384,有,已封閉,海岸
22,台北縣貢寮鄉垃圾掩埋場,新北市,貢寮鄉鹽寮公園旁,貢寮鄉公所,3.178,有,"使用中 - 飽和",海岸
23,台中縣太平市車籠埔垃圾掩埋場,臺中市,太平市車籠埔,太平市公所,2.4476,有,,坡地
24,台中縣后里垃圾掩埋場,臺中市,,后里鄉清潔隊,1,有,"使用中 - 過飽和",坡地
25,台中縣霧峰鄉垃圾掩埋場,臺中市,台中縣霧峰鄉萬豐村萬斗六段大掘坑,霧峰鄉公所,78.84,無;921震災,復育中,平地
26,台中縣后里鄉垃圾掩埋場(新),臺中市,"后里鄉牛稠坑段七星小段,道57-1,旱58-1,旱59-3,59-4",后里鄉公所,1.8,,,谷地
27,台中縣神岡垃圾掩埋場,臺中市,神岡鄉下溪洲後璧厝段1126-1(台中縣神岡鄉溪洲村堤南路300號),神岡鄉公所,4.5,有,"使用中 - 飽和",坡地
28,台中縣清水鎮垃圾掩埋場,臺中市,台中縣清水鎮楊厝寮段海風小段297-2地號,清水鎮公所,2.53,有,"使用中 - 飽和",谷地
29,台中縣龍井區域垃圾掩埋場,臺中市,台中縣龍井鄉龍昌路32號,龍井鄉公所,4.1507,有,"使用中 - 未飽和",平地
30,台中縣烏日鄉垃圾掩埋場,臺中市,烏日鄉慶光路300,烏日鄉公所,2.5,有,已封閉,環保用地
31,台中縣大安鄉一期衛生掩埋場(舊場),臺中市,"大安鄉南埔段436,437,438地號",大安鄉公所,1.29,有,已封閉,特定目的事業用地
32,台中縣大甲鎮二期掩埋場,臺中市,大甲鎮雙寮段379地號,大甲鎮公所,6.846,有,"使用中 - 未飽和",河岸
33,台中縣沙鹿鎮區域衛生垃圾掩埋場,臺中市,台中縣沙鹿鎮竹林里中山路24-51號,沙鹿鎮公所,9.4,無;同上,"使用中 - 未飽和",谷地
34,台中縣大里市垃圾掩埋場,臺中市,大里市建民段852地號(台中縣大里市健東路181號),大里市公所,8.3,無;921震災,復育中,坡地
35,台中縣大甲鎮垃圾掩埋場,臺中市,台中縣大甲鎮建興里雙寮段739地號,,,,復育中,
36,台中縣梧棲垃圾掩埋場,臺中市,台中縣梧棲鎮大觀路6號(本分處行政大樓)對面,梧棲鎮經濟部加工出口區中港分處,0,有,已封閉,平地
37,台中縣東勢鎮衛生掩埋場,臺中市,東勢鎮東新里四角林中嵙小段853之53地號,東勢鎮公所,0.56,有,復育中,坡地
38,台中縣大甲鎮一期衛生掩埋場(復育),臺中市,大甲鎮雙寮段379地號,,,,復育中,
39,台中縣大安鄉三期衛生掩埋場,臺中市,"大安鄉南埔段436,437,438地號",大安鄉,1.85,有,,特定目的事業用地
40,台中市垃圾掩埋場(南屯區),臺中市,台中市南屯區文山南巷500號(408台中市南屯區文山里文山南巷500號),台中市環保局,12.07,有,"使用中 - 未飽和",坡地
41,台中縣和平鄉垃圾衛生掩埋場,臺中市,台中縣和平鄉南勢村東關三段156號,和平鄉公所,4.5,有,"使用中 - 未飽和",原住民保留地
42,台中縣大肚鄉垃圾衛生掩埋場,臺中市,萬陵段2地號,大肚鄉公所,8.2135,無;森林火災,"使用中 - 飽和",谷地
43,台中縣大安鄉二期垃圾場,臺中市,"台中縣大安鄉南埔段436,437,438地號",大安鄉公所,7.16,有,"使用中 - 飽和",特定目的事業用地
44,台中縣大肚鄉衛生掩埋場(復育),臺中市,台中縣大肚鄉華山路388號,,,,復育中,
45,台中縣新社鄉垃圾衛生掩埋場,臺中市,新社鄉復盛村興社街26號,新社鄉公所,1.75,有,"使用中 - 未飽和",坡地
46,台中縣外埔垃圾場,臺中市,外埔鄉廓子路113號,外埔鄉公所,0.85,有,"使用中 - 未飽和",河岸
47,台南縣下營鄉簡易掩埋場,臺南市,下營鄉麻豆寮段,下營鄉公所,1.76,有,復育中,平地
48,台南縣鹽水鎮一期掩埋場,臺南市,鹽水鎮舊營段後寮小段1539至1547等9筆土地,台南縣鹽水鎮公所,1.6261,,復育中,平地
49,台南縣新營市掩埋場二期,臺南市,新營市護鎮里後鎮104號,新營市公所,1.8,,復育中,平地
50,台南市城西一期垃圾掩埋場,臺南市,台南市安南區城西段1008地號,台南市環境保護局,11,,復育中,
51,台南縣左鎮鄉岡林垃圾掩埋場,臺南市,,左鎮鄉公所,0,有,已封閉,谷地
52,台南縣北門鄉簡易掩埋場,臺南市,北門鄉蚵寮段752-147、752-148地號(台南縣北門鄉蚵寮段812-3地號),北門鄉公所,0.41,有,"使用中 - 過飽和",平地
53,台南縣歸仁鄉垃圾掩埋場(新場),臺南市,歸仁鄉長榮路3段451巷35弄71號(台南縣歸仁鄉大潭村長榮路3段451巷35弄71號),歸仁鄉公所,4.5902,,,平地
54,台南縣白河鎮垃圾掩埋場,臺南市,六重溪段746、747、701、702、748、745等6筆,白河鎮公所,2.97,有,"使用中 - 飽和",谷地
55,台南縣鹽水鎮二期掩埋場,臺南市,鹽水鎮後窄里舊營段後寮小段1551-1565地號(鹽水鎮舊營段後寮小段1550-1565號共16筆),鹽水鎮公所,2.0932,,"使用中 - 未飽和",平地
56,台南縣新營市第四期垃圾場,臺南市,新營市護鎮里104號,新營市公所,2.75,有,"使用中 - 飽和",平地
57,台南縣學甲鎮三期垃圾場,臺南市,學甲鎮一秀里155-44號，學甲段697-60地號,學甲鎮公所,1.21,,"使用中 - 未飽和",平地
58,台南市城西二期垃圾掩埋場,臺南市,略,台南市環保局,14.2,有,復育中,平地
59,台南縣學甲鎮垃圾衛生掩埋場(復育),臺南市,台南學甲鎮一彥里154-44號,,5,,復育中,
60,台南縣七股鄉一期簡易掩埋場,臺南市,台南縣七股鄉大埕村377號,七股鄉公所,0.8865,有,已封閉,平地
61,台南縣仁德垃圾衛生掩埋場三期,臺南市,仁德鄉上崙村崑崙街534巷1966號,仁德鄉公所,5.84,,"使用中 - 未飽和",平地
62,台南縣後壁鄉垃圾場,臺南市,後壁鄉仕安村,後壁鄉公所,3.5,有,"使用中 - 未飽和",平地
63,台南縣玉井鄉簡易掩埋場,臺南市,台南縣玉井鄉三和村芒子芒段,玉井鄉公所,0,有,"使用中 - 飽和",谷地
64,台南縣後壁鄉菁寮垃圾場,臺南市,台南縣後壁鄉菁寮村,後壁鄉公所,7.35,有,已封閉,平地
65,台南縣關廟鄉垃圾衛生掩埋場,臺南市,關廟深坑段780-10,,,,復育中,
66,台南縣新營市第五期垃圾場,臺南市,新營市後鎮段2855等25筆,新營市公所,5.9178,,使用中,平地
67,台南縣官田鄉垃圾掩埋場,臺南市,官田鄉社子段650-296、650-83地號(官田鄉大崎村10鄰莿子埔31號),官田鄉公所,8.0825,有,"使用中 - 過飽和",谷地
68,台南縣佳里鎮垃圾掩埋場,臺南市,台南縣佳里鎮忠孝路5號,佳里鎮公所,2.5,有,已封閉,平地
69,台南縣仁德垃圾衛生掩埋場,臺南市,仁德鄉港墘路地號910,仁德鄉公所,5.84,,"使用中 - 過飽和",平地
70,台南市城西三期垃圾掩埋場,臺南市,台南市安南區城西街3段1105巷121弄150號(土城子段566及507-81號現城西1029及1012),台南市環保局,53.5,,"使用中 - 未飽和",平地
71,台南縣山上鄉簡易掩埋場,臺南市,山上鄉牛綢埔段188-1地號(簡易掩埋場),山上鄉公所,14.3882,有,"使用中 - 過飽和",谷地
72,台南縣歸仁鄉垃圾掩埋場(舊場),臺南市,台南縣歸仁鄉大苓段,歸仁鄉公所,10,無,已封閉,坡地
73,台南縣新化鎮垃圾衛生掩埋場(一期),臺南市,新化鎮礁坑里茄冬坑5號之1,新化鎮公所,6.916,有,"使用中 - 未飽和",坡地
74,台南縣新市鄉潭頂垃圾掩埋場,臺南市,台南縣新市鄉潭頂村100-60號,台南縣新市鄉公所,3.6681,有,"使用中 - 過飽和",平地
75,台南縣玉井鄉垃圾掩埋場,臺南市,台南縣玉井鄉三和村芒子芒段,台南縣玉井鄉公所,0,,"使用中 - 未飽和",坡地
76,台南縣麻豆鎮垃圾衛生掩埋場,臺南市,麻豆鎮北勢里加輦邦33-3號,,,,復育中,
77,台南縣柳營鄉六甲區域性垃圾掩埋場,臺南市,柳營鄉果毅後段85號,柳營鄉公所,5.8792,有,"使用中 - 未飽和",谷地
78,台南縣安定鄉安定區域場,臺南市,台南縣安定鄉六塊寮段,台南縣安定鄉公所,4.95,有,使用中,平地
79,台南縣麻豆鎮垃圾掩埋場,臺南市,麻豆鎮北勢里加輦邦33-3號,麻豆鎮公所,5.6029,有,"使用中 - 未飽和",平地
80,台南縣西港鄉簡易垃圾掩埋場,臺南市,"台南縣西港鄉文化路1號 Fax: 06-7953274",西港鄉公所,0.594,有,已封閉,平地
81,台南縣將軍鄉廣山簡易掩埋場,臺南市,台南縣將軍鄉山子腳段1449、1450號,將軍鄉公所,0.3024,有,復育中,平地
82,台南縣善化鎮垃圾掩埋場,臺南市,"善化鎮胡厝寮段1411,1412,1413地號",善化鎮公所,3.018,有,"使用中 - 未飽和",平地
83,台南縣南化鄉垃圾掩埋場,臺南市,"南化鄉芒子芒段437之1地號(台南縣玉井鄉芒子芒段437-1地號 fax: 06-5771080)",南化鄉公所,0.3361,有,"使用中 - 未飽和",谷地
84,台南縣南化鄉簡易埋場(舊場),臺南市,南化鄉南化段2152-2地號,南化鄉公所,0.3981,有,已封閉,坡地
85,台南縣歸仁鄉簡易掩埋場,臺南市,歸仁鄉大苓段,歸仁鄉,110,有,已封閉,平地
86,台南縣新營市掩埋場一期,臺南市,新營市護鎮里後鎮104號,新營市,2.2,,復育中,平地
87,台南縣新化鎮垃圾衛生掩埋場(二期),臺南市,新化鎮礁坑里茄苳坑5號之1,新化鎮公所,6.916,有,"使用中 - 未飽和",坡地
88,台南縣大內鄉垃圾掩埋場,臺南市,大內鄉頭社段701-10.701-11.701-12.701-13.701-15,大內鄉公所,1.22,有,"使用中 - 未飽和",坡地
89,台南縣永康市王田垃圾衛生掩埋場,臺南市,車行段879、880號,,,,復育中,
90,台南縣關廟鄉簡易掩埋場,臺南市,關廟鄉深坑子段780-10地號,關廟鄉公所,7,有,已封閉,坡地
91,台南縣東山鄉大坑垃圾掩埋場,臺南市,東山鄉前大埔段11-6號,東山鄉公所,10.8,有,復育中,谷地
92,台南縣楠西鄉垃圾衛生掩埋場,臺南市,楠西鄉龜丹段263-16地號,楠西鄉公所,5.5,有,"使用中 - 未飽和",谷地
93,台南縣學甲鎮二期垃圾掩埋場,臺南市,學甲鎮一秀里,學甲鎮公所,4.8,有,"使用中 - 飽和",平地
94,南化鄉垃圾處理場,臺南市,無,南化鄉公所,0.3361,有,"使用中 - 未飽和",谷地
95,高雄縣甲仙鄉簡易掩埋場,高雄市,高雄縣甲仙鄉和安村(東阿里關571-1地號),甲仙鄉公所,0.5,無,"使用中 - 未飽和",谷地
96,高雄縣永安鄉垃圾掩埋場,高雄市,高雄縣永安鄉烏樹林段254號,永安鄉公所,2.2691,有,"使用中 - 未飽和",平地
97,高雄縣燕巢鄉垃圾掩埋場,高雄市,湖內巷2-16號,燕巢鄉清潔隊,4.2,無,"使用中 - 未飽和",谷地
98,高雄縣美濃應急簡易掩埋場,高雄市,無,美濃鎮公所,2,有,已封閉,平地
99,高雄縣桃源鄉垃圾掩埋場,高雄市,桃源鄉勤和村勤和段188地,桃源鄉公所,1.94,無;賀伯颱風,"使用中 - 未飽和",坡地
100,高雄縣岡山鎮華岡里(二)簡易掩埋場,高雄市,,岡山鎮公所,0,有,已封閉,河岸
101,高雄縣茄萣鄉垃圾掩埋場,高雄市,高雄縣茄萣鄉濱海路四段和三段交界處,茄萣鄉公所,2.333,有,復育中,海岸
102,高雄縣仁武掩埋場,高雄市,仁武鄉前埔厝段189等六筆,,1.6116,有,已封閉,河岸
103,高雄縣鳥松鄉垃圾掩埋場,高雄市,"高雄縣鳥松鄉十九灣段地247,248,249,250,253號等土地",高雄縣鳥松鄉公所,2.4,有,"使用中 - 飽和",坡地
104,高雄縣燕巢鄉區域性一般廢棄物衛生掩埋場興建工程,高雄市,燕巢鄉深水村湖內巷2-16號,燕巢鄉公所,9.8,,"使用中 - 未飽和",坡地
105,高雄縣六龜垃圾掩埋場,高雄市,高雄縣六龜鄉六龜村紅水坑3-8號,六龜鄉公所,2.3,有,已封閉,坡地
106,高雄縣大社鄉垃圾掩埋場,高雄市,大社鄉自強街1號,大社鄉公所,2.25,有,已封閉,平地
107,高雄縣內門鄉垃圾掩埋場,高雄市,內門鄉瑞山村田仔墘,內門鄉公所,5,有,"使用中 - 未飽和",谷地
108,高雄縣路竹垃圾衛生掩埋場(二期),高雄市,"路竹鄉新園段,2055,2056號",,5.19,,"使用中 - 未飽和",平地
109,高雄縣岡山鎮應急垃圾衛生掩埋場,高雄市,岡山鎮三和里中崙寮路21巷8號(岡山鎮拉子地段第1398-21第十七筆),岡山鎮公所,5.5241,有,"使用中 - 未飽和",平地
110,高雄縣大寮鄉垃圾掩埋場,高雄市,大寮鄉山頂村水源路65號,大寮鄉公所,2.5,有,已封閉,坡地
111,高雄市大林蒲灰渣掩埋場,高雄市,高雄市小港區鳳北路355號,高雄市環境保護局,20,有,"使用中 - 未飽和",海岸
112,高雄縣湖內鄉垃圾掩埋場,高雄市,湖內鄉湖內段93地號,湖內鄉公所,2.06,有,"使用中 - 未飽和",谷地
113,高雄縣大寮鳳山區域性衛生掩埋場,高雄市,"fax: 07-7826297，大寮鄉山頂村水源路",高雄縣大寮鄉公所,3,有,已封閉,坡地
114,高雄縣燕巢鄉垃圾掩埋場(二期),高雄市,燕巢鄉湖仔內段46-1地號,燕巢鄉公所,45,,"使用中 - 未飽和",谷地
115,高雄縣鳳山市衛生掩埋場國泰場,高雄市,"灣子頭段428-01,428-19,428-19, 428",鳳山市清潔隊,1.9,無;鳳山溪暴漲及連日豪雨造成西北側垃圾山垃圾滑落淹沒農田,復育中,公園預定地
116,高雄縣岡山鎮港口崙應急掩埋場,高雄市,岡山鎮港口崙段113-2地號等,岡山鎮公所,1.5986,有,已封閉,河岸
117,高雄縣茂林鄉簡易掩埋場,高雄市,高雄縣茂林鄉多納段1056號,茂林鄉公所,4.544,有,已封閉,坡地
118,高雄縣旗山鎮垃圾掩埋場,高雄市,旗山鎮和平里義德街37巷2-1號,旗山鎮公所,15.9915,有,"使用中 - 未飽和",坡地
119,高雄縣杉林鄉應急簡易掩埋場,高雄市,杉林段1265地號,杉林鄉公所,5.601,有,已封閉,坡地
120,高雄縣路竹鄉舊垃圾衛生掩埋場,高雄市,路竹鄉營後段1.1-4.1-5.1-6.1-7.14地號,,,,復育中,
121,高雄縣梓官鄉新建垃圾衛生掩埋場,高雄市,,梓官鄉公所,0,有,,平地
122,高雄縣林園鄉垃圾衛生掩埋場,高雄市,林園鄉王公廟段210-21地號土地,林園鄉公所,0.8263,有,"使用中 - 過飽和",谷地
123,高雄市楠梓區西青埔垃圾衛生掩埋場,高雄市,高雄市楠梓區高楠公路1900號,,,,復育中,
124,高雄縣路竹、阿蓮鄉區域性垃圾衛生掩埋場,高雄市,路竹鄉新園段2055、2056,路竹鄉公所,5.19,,"使用中 - 未飽和",平地
125,高雄縣梓官區域性垃圾及不可燃廢棄物掩埋場,高雄市,高雄縣梓官鄉梓義段712-713地號,梓官鄉公所,1.084,有,"使用中 - 未飽和",平地
126,高雄縣路竹垃圾衛生掩埋場(三期),高雄市,"路竹鄉環球路92巷100號(路竹鄉新園段、2055,2056號)",路竹鄉公所,4.9375,,"使用中 - 未飽和",平地
127,高雄縣燕巢鄉垃圾掩埋場(三期),高雄市,燕巢鄉湖內巷2-16號、燕巢鄉湖內仔段46-1號,燕巢鄉公所,9.6,,"使用中 - 飽和",坡地
128,高雄縣岡山鎮協和里簡易掩埋場,高雄市,,岡山鎮公所,0,有,已封閉,河岸
129,基隆市八斗子長潭里衛生掩埋場(復育),基隆市,基隆市八斗子長潭里,環保局,0,,復育中,海岸
130,基隆市天外天掩埋場,基隆市,基隆市培德路二二一之三號,基隆市環保局,7.9,無;賀伯颱風,"使用中 - 未飽和",谷地
131,新竹市浸水衛生掩埋場,新竹市,新竹市浸水北街450號,新竹市環保局,37,有,"使用中 - 未飽和",海岸
132,新竹市南寮衛生掩埋場(復育),新竹市,新竹市海濱路240號（新竹市垃圾焚化廠旁）,,0,,復育中,
133,嘉義市垃圾掩埋場(東區),嘉義市,嘉義市崎頂段七、八地號,嘉義市環境保護局,1.321,有,已封閉,坡地
134,宜蘭縣礁溪鄉衛生掩埋場,宜蘭縣,,礁溪鄉公所,1.7282,有,"使用中 - 未飽和",平地
135,宜蘭縣羅東鎮垃圾掩埋場,宜蘭縣,冬山大進村(路)159-5號,羅東鎮公所,5.0639,有,"使用中 - 未飽和",平地
136,宜蘭縣三星鄉垃圾掩埋場,宜蘭縣,紅柴林段八王圍小段197-6號(三星鄉貴林村貴林路160號),三星鄉公所,3,有,"使用中 - 未飽和",平地
137,宜蘭縣五結鄉垃圾掩埋場,宜蘭縣,宜蘭縣五結鄉成功段599地號,五結鄉公所,9,有,復育中,平地;低窪地
138,宜蘭縣大同鄉四方林垃圾場,宜蘭縣,,大同鄉公所,0.94,有,"使用中 - 未飽和",平地
139,宜蘭縣員山鄉掩埋場,宜蘭縣,,員山鄉公所,3.8198,有,"使用中 - 未飽和",坡地
140,宜蘭縣冬山鄉衛生掩埋場,宜蘭縣,,冬山鄉公所,4.98,有,"使用中 - 未飽和",平地
141,宜蘭縣五結鄉垃圾衛生掩埋場,宜蘭縣,五結鄉下清水段埤仔尾小段189-1地號,五結鄉公所,4.98,有,"使用中 - 未飽和",平地
142,宜蘭縣頭城簡易掩埋場,宜蘭縣,,頭城鎮公所,2.1,有,"使用中 - 過飽和",坡地
143,大同鄉嘉蘭垃圾場,宜蘭縣,,大同鄉公所,0.659,無;納莉颱風造成土石流,"使用中 - 過飽和",坡地
144,宜蘭縣宜蘭市金六結臨時垃圾場(復育),宜蘭縣,宜蘭市建軍里15、16鄰間,宜蘭市公所,1.5,有,復育中,平地
145,宜蘭縣蘇澳區域性衛生掩埋場,宜蘭縣,蘇澳鎮頂寮里蘇濱路三段990號,蘇澳鎮公所,4,有,"使用中 - 未飽和",平地;國有保安林地
146,宜蘭縣蘇澳鎮區域性垃圾掩埋場,宜蘭縣,"蘇澳鎮猴猴段頂寮小段117,118,123號內",蘇澳鎮公所,4,有,"使用中 - 未飽和",海岸
147,宜蘭縣壯圍鄉臨時簡易垃圾掩埋場,宜蘭縣,,壯圍鄉公所,0.5,有,"使用中 - 未飽和",海岸
148,宜蘭縣宜蘭市建蘭段垃圾掩埋場,宜蘭縣,宜蘭市南橋路16之33號,宜蘭市公所,4.505,無;淹水,"使用中 - 未飽和",平地
149,桃園縣蘆竹鄉垃圾掩埋場,桃園市,桃園縣蘆竹鄉坑口村後壁厝2鄰,蘆竹鄉公所,3.031,有,"使用中 - 飽和",坡地
150,桃園縣新屋鄉永興垃圾場,桃園市,桃園縣新屋鄉永興村7鄰邊,新屋鄉公所,0.8405,有,"使用中 - 未飽和",河岸
151,桃園縣大溪鎮垃圾衛生掩埋場,桃園市,大溪鎮美華里坑底國有林地第三林班第三三及四二小班地,大溪鎮公所,0.9633,有,"使用中 - 飽和",谷地
152,桃園縣平鎮市垃圾掩埋場,桃園市,桃園縣平鎮市中興路690號,平鎮市公所,1.4393,有,已封閉,平地
153,桃園縣觀音鄉垃圾掩埋場,桃園市,"觀音鄉草漯段2145等地號(觀音鄉草漯段2529,2530,2531,2532,2533等五筆)",觀音鄉公所,5.8,有,"使用中 - 未飽和",海岸
154,桃園縣龍潭鄉垃圾衛生掩埋場,桃園市,桃園縣龍潭鄉三和村店湖一路320號,龍潭鄉公所,3.6,有,"使用中 - 未飽和",坡地
155,桃園縣楊梅鎮員本垃圾掩埋場(二期),桃園市,(楊梅鎮員笨段)楊梅鎮員本里4鄰,楊梅鎮公所,2.3239,,,河岸
156,桃園縣八德市垃圾簡易掩埋場,桃園市,桃園縣八德市大安里羊稠仔15之1號,八德市公所,1.1,有,"使用中 - 過飽和",坡地
157,桃園縣中壢市衛生掩埋場,桃園市,中壢市水尾段水尾小段14-3等43筆(中壢市西園路底過桃園大圳左轉200米),中壢市公所,4.7264,無;90年納莉颱風肆虐遭水患,"使用中 - 未飽和",平地
158,桃園縣復興鄉垃圾衛生掩埋場,桃園市,"復興鄉三民村水流東149,149-46,87-2,87-1地號",復興鄉公所,0.464,,"使用中 - 未飽和",谷地
159,桃園縣龜山鄉簡易掩埋場,桃園市,龜山鄉楓樹坑段楓樹坑小段143地號,龜山鄉公所,3,有,已封閉,坡地
160,桃園縣桃園市會稽垃圾掩埋場,桃園市,桃園市三聖段15、16地號。成功路3段255號,桃園市公所,7.6393,無;秋冬季節曾於附近山坡發生無名火災,已封閉,谷地
161,新竹縣新埔鎮簡易掩埋場,新竹縣,新埔鎮旱坑里上樟樹林15-1號,新埔鄉公所,3,有,"使用中 - 飽和",坡地;墳墓用地
162,新竹縣新豐鄉區域性垃圾掩埋場,新竹縣,新竹縣新豐鄉坑子口段614-3號,新豐鄉公所,6.9915,有,"使用中 - 未飽和",平地
163,新竹縣峨眉鄉垃圾掩埋場,新竹縣,新竹縣峨眉鄉七星村3號,峨眉鄉公所,6.3284,有,"使用中 - 未飽和",谷地
164,新竹縣關西鎮公所,新竹縣,新竹縣關西鎮東山里湖肚段,關西鎮公所,3.0424,無;農作物污染,"使用中 - 未飽和",谷地
165,新竹縣北埔簡易掩埋場,新竹縣,新竹縣北埔鄉中山路20號,北埔鄉公所,2,有,"使用中 - 未飽和",谷地
166,新竹縣寶山鄉簡易掩埋場,新竹縣,"新竹縣寶山鄉雙溪村雙園路83號Fax: 03-5203053",寶山鄉公所,0,有,已封閉,平地
167,新竹縣關西鎮垃圾掩埋場,新竹縣,關西鎮東山里湖肚,關西鎮公所,1.4022,有,"使用中 - 未飽和",坡地
168,新豐區域性垃圾衛生掩埋場,新竹縣,新豐鄉鳳坑村614-3號,新豐鄉公所,2.6513,,"使用中 - 未飽和",
169,新竹縣橫山垃圾場,新竹縣,,橫山鄉公所,4.9993,有,"使用中 - 未飽和",坡地
170,新竹縣湖口鄉垃圾掩埋場,新竹縣,"湖口鄉埔心段埔心小段203,204,205,206,207,213,214228",湖口鄉公所,3.9485,有,"使用中 - 飽和",坡地
171,新竹縣尖石垃圾場,新竹縣,新竹縣尖石鄉義興村,尖石鄉公所,0.65,有,"使用中 - 未飽和",谷地
172,新竹縣竹東鎮掩埋場,新竹縣,竹東鎮仙鎮路1號,竹東鎮公所,6.08,有,"使用中 - 飽和",坡地
173,苗栗縣苗栗市衛生掩埋場,苗栗縣,苗栗縣新川里10鄰泉水窩,苗栗市公所,1.98,有,"使用中 - 未飽和",坡地
174,苗栗縣公館鄉掩埋場,苗栗縣,"公館鄉土礦坑段351-5,351-6地號",公館鄉公所,0.8295,有,"使用中 - 未飽和",坡地
175,苗栗縣通霄鎮垃圾掩埋場,苗栗縣,通霄鎮烏眉里烏眉坑段973-4地號,通霄鎮公所,5.5396,有,"使用中 - 未飽和",谷地
176,苗栗縣苑裡垃圾掩埋場,苗栗縣,苑裡鎮苑裡坑段苑裡坑小段461-9地號,苑裡鎮公所,0.215,有,"使用中 - 飽和",坡地
177,苗栗縣造橋鄉垃圾衛生掩埋場,苗栗縣,造橋鄉平興村8鄰双合窩19號(苗栗縣造橋鄉平興村8鄰19號),造橋鄉公所,2.36,有,"使用中 - 未飽和",坡地;坡地谷地
178,苗栗縣頭屋鄉區域性一般廢棄物處理場,苗栗縣,"頭屋鄉仁隆段845-3,847,848號",頭屋鄉公所,1.88,,,谷地
179,苗栗縣銅鑼鄉垃圾掩埋場,苗栗縣,銅鑼鄉客屬段970、973地號(本鄉七十份段1030-17.19.21地號),銅鑼鄉公所,6,有,"使用中 - 飽和",河岸
180,苗栗縣頭份鎮垃圾掩埋場,苗栗縣,頭份鎮廣興里尖山下段927及928地號(頭份鎮尖山下段927),,,,復育中,
181,苗栗縣苗栗市垃圾掩埋場,苗栗縣,苗栗市新川里泉水窩,,,,復育中,
182,苗栗縣泰安鄉錦水垃圾掩埋場,苗栗縣,苗栗縣泰安鄉錦水村橫龍山,泰安鄉公所,2.175,有,"使用中 - 未飽和",坡地
183,苗栗縣竹南鎮垃圾衛生掩埋場(擴建案),苗栗縣,苗栗縣竹南鎮海口里16鄰保安林25-42號,竹南鎮公所,15.199,有,,海埔新生地
184,銅鑼鄉垃圾衛生掩埋場,苗栗縣,苗栗縣銅鑼鄉福興村11鄰七十七之一號,銅鑼鄉公所,0,有,"使用中 - 未飽和",坡地
185,苗栗縣西湖鄉垃圾掩埋場,苗栗縣,西湖鄉二湖村二湖段596-14地號,西湖鄉公所,3.9796,無,"使用中 - 未飽和",谷地
186,苗栗縣後龍鎮公所緊急應變場,苗栗縣,後龍鎮苦苓腳段528-14.15.18等地號,後龍鎮公所,0.5,,"使用中 - 未飽和",海岸
187,苗栗縣卓蘭鎮垃圾掩埋場,苗栗縣,卓蘭鎮新段701-1,卓蘭鎮公所,0.628,有,"使用中 - 未飽和",坡地
188,苗栗縣頭屋鄉垃圾衛生掩埋場,苗栗縣,頭屋鄉仁隆段842、849及845-3地號,頭屋鄉公所,1.1586,有,"使用中 - 飽和",谷地
189,苗栗縣獅潭鄉衛生掩埋場,苗栗縣,獅潭鄉獅潭段洽坑小段30-93地號,獅潭鄉公所,3.2,有,"使用中 - 未飽和",坡地
190,苗栗縣南庄鄉衛生掩埋場,苗栗縣,南庄鄉東村大同路三號,南庄鄉公所,1.5,有,"使用中 - 飽和",平地
191,苗栗縣苗栗市垃圾衛生掩埋場二期擴建,苗栗縣,苗栗市新川里泉水窩,苗栗市清潔隊,1.98,無;掃墓期間易發生山林火災,"使用中 - 未飽和",坡地
192,苗栗縣三灣鄉垃圾衛生掩埋場,苗栗縣,三灣鄉大河段369等15筆地號,三灣鄉公所,0.45,有,"使用中 - 未飽和",谷地
193,苗栗大湖鄉二期垃圾掩埋場,苗栗縣,大湖鄉富興村九寮坑821.821-4等42筆地號(苗栗縣大湖鄉富興村八寮灣),大湖鄉清潔隊,2.344,有,"使用中 - 未飽和",谷地
194,苗栗縣三義鄉垃圾衛生掩埋場,苗栗縣,三義鄉復興路30號,三義鄉公所,1.6,有,"使用中 - 飽和",坡地
195,苗栗縣頭份鎮垃圾衛生掩埋場,苗栗縣,頭份鎮廣興里,頭份鎮公所,3.4427,,"使用中 - 過飽和",坡地
196,通霄鎮垃圾衛生掩埋場,苗栗縣,苗栗縣通霄鎮中正路8號,通霄鎮公所,5.5396,,"使用中 - 未飽和",坡地
197,苗栗縣苗栗市垃圾掩埋場(復育),苗栗縣,苗栗市新川里泉水窩,,0,,復育中,
198,苗栗縣頭份鎮垃圾衛生掩埋場(第四期),苗栗縣,頭份鎮廣興里,頭份鎮公所,1.59,,"使用中 - 飽和",坡地
199,苗栗縣竹南鎮垃圾衛生掩埋場(三期),苗栗縣,苗栗縣竹南鎮海口里16鄰保安林25-42號,竹南鎮公所,4.95,有,"使用中 - 飽和",海埔新生地
200,苗栗縣竹南鎮衛生掩埋場二期(復育),苗栗縣,苗栗縣竹南鎮海口里16鄰保安林25-42號,竹南鎮公所,0,有,復育中,海埔新生地
201,彰化縣線西伸港簡易掩埋場,彰化縣,彰濱工業區綠帶,線西鄉公所,0.1,有,"使用中 - 飽和",平地
202,彰化縣埤頭鄉埔東垃圾掩埋場,彰化縣,埤頭鄉埔東段350地號,埤頭鄉公所,0.6038,有,已封閉,平地
203,彰化縣二林鎮垃圾衛生掩埋場,彰化縣,,二林鎮公所,2.733,有,復育中,平地
204,彰化縣秀水鄉垃圾場,彰化縣,彰化縣秀水鄉民生街,秀水鄉公所,1.0294,,復育中,平地
205,彰化縣福興(含芳苑)地區區域性垃圾聯合掩埋場,彰化縣,芳苑鄉漢寶園段1081地號(芳苑鄉漢寶北段海堤旁),芳苑鄉公所,8.6,有,"使用中 - 未飽和",海岸
206,彰化縣田中鎮衛生掩埋場舊場,彰化縣,田中鎮內三塊厝段1042號四筆,田中鎮公所,1.45,有,已封閉,平地
207,彰化縣鹿港鎮垃圾衛生掩埋場,彰化縣,鹿港東石段1124.1125.1126.1127地號,鹿港鎮公所,2.62,無;起火燃燒造成之煙害,已封閉,平地
208,彰化縣鹿港鎮衛生掩埋場(復育),彰化縣,鹿港鎮頂厝里頂厝巷18~30號(頂厝段2203地號),,,,復育中,
209,彰化縣永靖鄉垃圾衛生掩埋場,彰化縣,八寶二圳東溝南岸,永靖鄉公所,0.6072,無;垃圾場起火及廢氣損害鄰近農作物,復育中,平地
210,彰化縣田尾應急垃圾衛生掩埋場,彰化縣,公所路201號,田尾鄉公所,0.368,無;曾遭濫倒大量廢棄物並縱火燃燒,復育中,窪地
211,彰化縣大村鄉掩埋場,彰化縣,大村鄉大橋村過溝4巷9之2號,大村鄉公所,0.9266,有,已封閉,平地
212,彰化縣永靖鄉垃圾掩埋場,彰化縣,永靖鄉永西村瑚璉路230號,永靖鄉公所,0.6416,無;垃圾場起火及廢氣損害鄰近農作物,"使用中 - 過飽和",平地
213,社頭鄉垃圾掩埋場,彰化縣,山腳路與南厝坑交點附近,社頭鄉公所,1.0506,,尚未啟用,坡地
214,彰化縣埔鹽鄉垃圾掩埋場,彰化縣,舊濁水溪北岸石埤橋附近,埔鹽鄉公所,0.66,有,復育中,平地
215,彰化縣芬園鄉衛生掩埋場,彰化縣,芬園鄉溪頭村縣庄段534-1號,芬園鄉公所,1,有,已封閉,平地
216,彰化縣田尾鄉第三期衛生掩埋場,彰化縣,彰化縣田尾鄉海豐崙段926-5，926-3號兩筆,田尾鄉公所清潔隊,0.3991,有,"使用中 - 未飽和",平地
217,彰化縣員林鎮阿寶坑垃圾掩埋場,彰化縣,員林鎮大峰里阿寶巷425號,員林鎮公所,4.448,有,復育中,坡地
218,彰化縣線西鄉臨時垃圾場,彰化縣,彰濱工業區線西區綠帶,伸港鄉公所,2.4,有,"使用中 - 過飽和",海岸
219,彰化縣田尾鄉應急掩埋場,彰化縣,田尾鄉公所路201號,田尾鄉公所,0.368,無;曾遭濫倒大量廢棄物並縱火燃燒,已封閉,窪地
220,彰化市草子埔垃圾衛生掩埋場,彰化縣,彰化市成功里仁愛東街17號,彰化市公所,6.5,有,"使用中 - 過飽和",谷地
221,彰化縣社頭鄉簡易掩埋場,彰化縣,社頭鄉山湖村許厝寮段158-2地號(山清段13),社頭鄉公所,1.0506,有,復育中,坡地
222,鹿港鎮彰濱工業區灰渣掩埋場,彰化縣,彰濱工業區鹿港西一區,鹿港鎮公所,2.6236,,"使用中 - 未飽和",海岸
223,彰化縣竹塘鄉衛生掩埋場,彰化縣,"fax: 04-8971145",竹塘鄉公所,0.7043,有,復育中,平地
224,彰化縣北斗垃圾衛生掩埋場,彰化縣,北斗鎮文昌里地政路2-1號,北斗鎮公所,1.6255,有,"使用中 - 未飽和",平地
225,彰化縣溪湖鎮垃圾掩埋場(三期),彰化縣,舊濁水溪北岸,溪湖鎮公所,0.2088,有,"使用中 - 未飽和",平地
226,臨時垃圾衛生掩埋場,彰化縣,彰濱工業區線西區綠帶,彰化縣伸港鄉公所,0,有,"使用中 - 飽和",工業區綠帶
227,彰化縣和美鎮區域性一般廢棄物衛生掩埋場〈灰渣〉,彰化縣,和美鎮塗厝厝段嘉寶潭小段334-18等地號(嘉寶里嘉寶潭堤防旁),和美鎮公所,1.9718,有,"使用中 - 未飽和",平地
228,彰化縣埤頭鄉埔東段垃圾衛生掩埋場,彰化縣,元埔農場附近,埤頭鄉公所,0.6038,有,復育中,平地
229,彰化縣田尾鄉第三垃圾衛生掩埋場,彰化縣,田尾鄉公所路201號,田尾鄉公所,0.6139,,復育中,平地
230,彰化縣和美垃圾場,彰化縣,彰化縣和美鎮彰新路三段636巷661號,和美鎮公所,1.742,有,"使用中 - 未飽和",平地
231,溪州鄉區域性垃圾衛生掩埋場,彰化縣,溪州鄉過溪仔段164號,彰化縣溪州鄉公所,6.8,有,"使用中 - 未飽和",河岸
232,彰化縣溪湖鎮垃圾掩埋場(二期),彰化縣,溪湖鎮中興段1151、1152,溪湖鎮公所,0.4585,有,"使用中 - 過飽和",平地
233,線西鄉彰濱工業區臨時垃圾衛生掩埋場,彰化縣,彰濱工業區線西區綠帶,伸港鄉公所,2.4,,,海岸
234,彰化市垃圾衛生掩埋場,彰化縣,彰化市桃源里環山路,彰化市公所,6.75,有,"使用中 - 過飽和",谷地
235,彰化縣田中鎮衛生掩埋場(新場),彰化縣,大崙里興酪橋附近,田中鎮公所,1.4491,有,復育中,平地
236,彰化縣北斗鎮衛生掩埋場(復育),彰化縣,北斗鎮文昌里地政路2-1號,北斗鎮公所,0.785,有,"使用中 - 飽和",平地
237,南投縣草屯垃圾掩埋場,南投縣,草屯鎮北勢湳段8-35號,草屯鎮公所,0,,,河岸
238,南投市垃圾場,南投縣,南投市牛運崛垃圾場〈投139公路〉,南投市公所,5.57,有,"使用中 - 飽和",坡地
239,南投縣集集鎮垃圾掩埋場,南投縣,集集鎮和平里雞籠山小段550號,南投縣集集鎮公所,2.6324,有,"使用中 - 未飽和",坡地
240,竹山鎮衛生掩埋場(二期),南投縣,竹山鎮中和里前山路二段222巷87之16號,竹山鎮公所,3.2,,"使用中 - 未飽和",平地
241,南投縣名間垃圾掩埋場,南投縣,名間鄉下新段202-21地號,名間鄉公所,0.9,有,"使用中 - 未飽和",平地
242,南投縣水里鄉簡易掩埋場,南投縣,台16線16k,水里鄉公所,2,無,已封閉,廢土貯置場
243,南投縣中寮區域性垃圾場,南投縣,中寮鄉二重溪段700-2等地號20筆,中寮鄉公所,3,無;921地震,"使用中 - 未飽和",坡地
244,南投市垃圾場,南投縣,南投市嶺興路36號(南投市牛運堀垃圾場(投139號公路)),清潔隊,5.57,有,"使用中 - 未飽和",坡地
245,南投縣魚池鄉垃圾衛生掩埋場,南投縣,南投縣魚池鄉魚池段839-1號,南投縣魚池鄉公所,0.8,有,"使用中 - 未飽和",谷地
246,南投縣信義鄉簡易掩埋場,南投縣,信義鄉第五段705號,信義鄉公所,0.2,有,"使用中 - 未飽和",坡地
247,南投縣國姓鄉區域垃圾掩埋場,南投縣,國姓鄉埔源段544-1、484,國姓鄉公所,5,有,復育中,坡地
248,南投縣竹山區域性垃圾衛生掩埋場,南投縣,竹山鎮中和里前山路2段222巷87-16號,竹山鎮公所,6.3848,有,"使用中 - 未飽和",平地
249,南投縣名間鄉垃圾場,南投縣,名間鄉下新厝段202-21號,名間鄉公所,1.05,"無;空氣,水污染",復育中,坡地
250,南投縣埔里鎮桃米里簡易掩埋場,南投縣,桃米里,埔里鎮公所,3.4471,有,已封閉,谷地
251,雲林縣台西鄉三姓垃圾衛生掩埋場,雲林縣,台西鄉三姓段二二六地號,,,,復育中,
252,雲林縣二崙鄉垃圾掩埋場,雲林縣,二崙鄉港後段4-1244第1筆土地,二崙鄉公所,4.6,有,"使用中 - 過飽和",平地
253,雲林縣東勢鄉簡易掩埋場,雲林縣,番子寮段234-262,東勢鄉公所,0.45,有,已封閉,平地
254,雲林縣元長鄉垃圾衛生掩埋場(復育),雲林縣,元長鄉長南段1267.1268.1269.1270.1271號,,,,復育中,
255,雲林縣林內鄉垃圾掩埋場,雲林縣,林內鄉新庄子段3-20地號,林內鄉公所,1.8,,"使用中 - 未飽和",
256,西螺區域性垃圾衛生掩埋場,雲林縣,雲林縣西螺鎮安定里堤防路2號,西螺鎮公所,12,有,"使用中 - 未飽和",河岸
257,雲林縣崙背鄉垃圾掩埋場,雲林縣,崙背鄉貓兒干段1-8地號(崙背鄉南光路5號),崙背鄉公所,1.6,有,"使用中 - 未飽和",河岸
258,雲林縣莿桐鄉垃圾掩埋場(新場),雲林縣,莿桐鄉麻園段11-3地號(莿桐鄉麻園段11-3地號),雲林縣莿桐鄉公所,8.9669,,,
259,雲林縣虎尾鎮垃圾場(新場),雲林縣,虎尾鎮過溪仔段876-4號(雲林縣虎尾鎮下溪里溪底四號，雲林縣虎尾鎮過溪子段876-32等14筆),虎尾鎮公所,4.8076,,,平地
260,雲林縣土庫鎮簡易垃圾掩埋場,雲林縣,土庫鎮忠正里中山路252號,土庫鎮公所,1.276,有,"使用中 - 過飽和",公墓用地
261,雲林縣台西鄉垃圾掩埋場,雲林縣,雲林縣台西鄉中山路293號,台西鄉公所,1,有,復育中,平地
262,雲林縣麥寮鄉麥寮衛生掩埋場,雲林縣,"麥寮段44-17,44-61,44-64,44-63號",,,,復育中,
263,雲林縣東勢鄉簡易掩埋場(新場),雲林縣,雲林縣東勢鄉同安段694地號,東勢鄉公所,1.98,,"使用中 - 未飽和",平地
264,雲林縣台西鄉三姓垃圾衛生掩埋場(復育),雲林縣,台西鄉三姓段二二六地號,,,,復育中,
265,雲林縣北港鎮衛生掩埋場(新場),雲林縣,北港鎮樹子腳段767-1地號,北港鎮公所,1.95,,"使用中 - 未飽和",平地
266,雲林縣北港應急簡易掩埋場,雲林縣,"北港鎮府番段283,284號",北港鎮公所,2.571,有,已封閉,平地
267,雲林縣莿桐鄉公所簡易掩埋場(舊場),雲林縣,莿桐鄉麻園11-3地號,莿桐鄉公所,0.9669,無,"使用中 - 未飽和",河岸
268,雲林縣口湖鄉簡易掩埋場,雲林縣,水林鄉塭底村,口湖鄉清潔隊,1,有,"使用中 - 飽和",平地
269,雲林縣虎尾鎮垃圾場,雲林縣,雲林縣虎林鎮下溪里溪底4號,虎尾鎮公所,4.1017,有,"使用中 - 過飽和",平地
270,雲林縣褒忠鄉垃圾掩埋場,雲林縣,褒忠鄉有才村北興46號,褒忠鄉公所,3.9334,"無;早期新虎尾溪未建造堤防時,常有雨水氾濫成災,自新虎尾溪兩岸建造堤防後均無造成災害。","使用中 - 未飽和",平地
271,雲林縣麥寮鄉垃圾掩埋場,雲林縣,"麥寮段44-17,44-61,44-64,44-63號",麥寮鄉公所,1.77,有,復育中,平地
272,元長鄉垃圾衛生掩埋場,雲林縣,雲林縣元長鄉崙仔村安北路200號,雲林縣元長鄉公所,1.7488,有,"使用中 - 未飽和",平地
273,雲林縣二崙鄉垃圾掩埋場,雲林縣,二崙鄉港後村太平路60-10號(二崙鄉港後段4-1111等14筆),二崙鄉公所,2.6,,使用中,
274,雲林縣崙背鄉衛生掩埋場(復育),雲林縣,雲林縣崙背鄉日庄村,,0,,復育中,
275,雲林縣麥寮鄉許厝寮垃圾衛生掩埋場,雲林縣,麥寮鄉中山段233地號,,,,復育中,
276,雲林縣水林鄉簡易掩埋場,雲林縣,水林鄉底村,水林鄉公所,0.8695,有,"使用中 - 飽和",平地;魚池
277,雲林縣四湖鄉垃圾掩埋場,雲林縣,四湖鄉林厝寮段4694號,四湖鄉公所,5.5265,有,"使用中 - 未飽和",平地
278,雲林縣古坑鄉垃圾場,雲林縣,古坑鄉崁腳段312號,古坑鄉公所,0.56,有,"使用中 - 飽和",坡地
279,雲林縣斗六市垃圾場,雲林縣,斗六市三光里部子25號,斗六市公所,3.5,有,"使用中 - 未飽和",特定事業用地
280,雲林縣斗南鎮垃圾掩埋場,雲林縣,"斗南鎮東明段415地號等7筆(斗南鎮東明段403,409,413,414號)",斗南鎮公所,9.3721,有,"使用中 - 未飽和",平地
281,雲林縣土庫鎮垃圾衛生掩埋場(新場),雲林縣,土庫鎮新南段1128-1地號(土庫鎮新南投1128地號),土庫鎮公所,4.5,,,平地
282,雲林縣麥寮鄉麥寮衛生掩埋場,雲林縣,麥寮鄉中山段233地號,,,,復育中,
283,雲林縣土庫鎮垃圾掩埋場,雲林縣,土庫鎮光復段1064、1067等地號,,,,復育中,
284,嘉義縣中埔鄉垃圾掩埋場,嘉義縣,嘉義縣中埔鄉同仁村柚仔宅林111-1號地,中埔鄉公所,0,有,"使用中 - 未飽和",坡地
285,嘉義縣朴子市佳禾里第一期衛生掩埋場,嘉義縣,朴子市佳禾里,,,,復育中,
286,嘉義縣溪口二期垃圾掩埋場,嘉義縣,嘉義縣溪口鄉坪頂村,溪口鄉公所,0.901,有,"使用中 - 未飽和",平地
287,嘉義縣大林鎮垃圾衛生掩埋場,嘉義縣,大林鎮過溪里油庫電10-8號(大林鎮林頭段16-66<16-67<16-68地號),大林鎮公所,1.2665,有,"使用中 - 未飽和",谷地
288,嘉義縣六腳鄉垃圾掩埋場,嘉義縣,"嘉義縣六腳鄉竹子腳段竹嘉小段7,8,9,10,11,12號地號",嘉義縣六腳鄉公所,1.8923,,"使用中 - 飽和",平地
289,嘉義縣水上鄉垃圾掩埋場,嘉義縣,水上鄉牛綢埔段268號,水上鄉公所,0.5475,有,"使用中 - 飽和",坡地
290,嘉義縣竹崎鄉垃圾掩埋場,嘉義縣,竹崎鄉灣橋段1117號(嘉義縣竹崎鄉灣橋村31鄰田尾),竹崎鄉公所,7.3358,無;八七水災河川改道,"使用中 - 未飽和",平地
291,嘉義縣六腳鄉竹子腳掩埋場,嘉義縣,"六腳鄉竹子腳段竹嘉小段7,8,9,10,11,12號地號",嘉義縣六腳鄉公所,1.8923,有,"使用中 - 飽和",平地
292,嘉義縣太保市茄苳腳段衛生掩埋場(復育),嘉義縣,嘉義縣太保市春珠里茄苳腳,,,,復育中,
293,嘉義縣義竹鄉一期垃圾衛生掩埋場(復育),嘉義縣,義竹鄉竹圍段竹圍小段1068號等16筆,義竹鄉公所,4.2389,,復育中,平地
294,嘉義縣新港鄉垃圾掩埋場,嘉義縣,,新港鄉公所,2.7211,有,復育中,平地
295,嘉義縣布袋鎮簡易掩埋場,嘉義縣,布袋鎮樹林里,布袋鎮公所,0.9,有,復育中,平地
296,嘉義縣溪口一期衛生掩埋場,嘉義縣,嘉義縣溪口鄉坪頂村,溪口鄉公所,0.901,有,已封閉,平地
297,嘉義縣新港鄉溪北垃圾掩埋場,嘉義縣,"新港鄉溪北段961,951-974等11筆",,,,復育中,
298,嘉義縣水上鄉垃圾掩埋場(區域場),嘉義縣,水上巷口段巷口小段21之1,嘉義縣環保局,4.995,,,平地
299,嘉義縣阿里山鄉垃圾掩埋場,嘉義縣,嘉義縣阿里山,阿里山鄉公所,0,有,"使用中 - 未飽和",坡地
300,嘉義縣義竹垃圾掩埋場,嘉義縣,義竹鄉頭竹圍段竹圍小段號1036號等16筆,義竹鄉公所,4.2389,有,"使用中 - 未飽和",平地
301,嘉義縣太保市公所白鵨厝垃圾掩埋場,嘉義縣,太保市太保里66號,太保市公所,1.2667,有,"使用中 - 未飽和",平地
302,嘉義縣朴子市佳禾里第一期垃圾衛生掩埋場(復育),嘉義縣,嘉義朴子市佳禾里,,,,復育中,
303,嘉義縣番路鄉簡易掩埋場,嘉義縣,"番路鄉民和村 fax:05-2590981",番路鄉公所,0.6,有,復育中,谷地
304,嘉義縣東石鄉簡易掩埋場,嘉義縣,嘉義縣東石鄉東石村3號,嘉義縣東石鄉公所,0.25,有,"使用中 - 飽和",平地
305,嘉義縣朴子市休閒公園(佳禾里竹圍段),嘉義縣,嘉義朴子市下竹圍段佳禾小段433地號,,,,復育中,
306,嘉義縣朴子市應急衛生掩埋場,嘉義縣,朴子市鴨母寮段竹林小段196地號,朴子市清潔隊,2.5748,有,已封閉,平地
307,嘉義縣大埔鄉垃圾衛生掩埋場,嘉義縣,嘉義縣大埔鄉大埔村4鄰54號,大埔鄉公所,1.5,有,已封閉,谷地
308,嘉義縣鹿草鄉馬稠後垃圾衛生掩埋場,嘉義縣,嘉義縣鹿草鄉馬稠後段豐稠小段38號,嘉義縣鹿草鄉公所,1.5456,無;曾遭太保市安仁里民抗爭,已封閉,平地
309,嘉義縣朴子市垃圾掩埋場,嘉義縣,朴子市鴨母寮段竹村小段197地號,朴子市清潔隊,2.5748,有,"使用中 - 未飽和",平地
310,嘉義縣民雄鄉垃圾掩埋場,嘉義縣,民雄鄉松山村後山仔37-1號(嘉義縣民雄鄉松山村後山仔段3號等12筆土地),嘉義縣民雄鄉公所,7.9211,有,"使用中 - 未飽和",谷地
311,嘉義縣新港鄉區域性垃圾衛生暨灰渣掩埋場,嘉義縣,新港鄉大客段大客小段15號(新港鄉潭大村大客段15-1號),,4.9,,使用中,平地
312,屏東縣高樹鄉垃圾掩埋場,屏東縣,屏東縣高樹鄉田子段714號,高樹鄉公所,0.9,有,"使用中 - 未飽和",平地
313,牡丹鄉衛生掩埋場,屏東縣,屏東縣牡丹鄉四林村,,3,有,已封閉,坡地
314,屏東枋寮鄉垃圾掩埋場,屏東縣,枋寮鄉玉泉村農場路130號,屏東縣環保局,16.6181,有,"使用中 - 未飽和",平地
315,屏東縣屏東市垃圾掩埋場,屏東縣,屏東市頭前溪段1393-1地號,屏東市公所,7,有,"使用中 - 未飽和",平地
316,屏東縣霧台鄉簡易掩埋場,屏東縣,屏東縣霧台鄉霧台村三鄰神山巷73號,霧台鄉公所,2,有,已封閉,谷地
317,屏東縣南州來義垃圾掩埋場,屏東縣,南州鄉壽之村大同路153巷599號,南州鄉公所,1.8,有;南州鄉農會所屬農牧廢棄物處理場,,平地
318,屏東縣九如鄉第二期垃圾掩埋場,屏東縣,屏東縣九如鄉九明村崁頂街一巷100號,九如鄉公所,2.2,有,"使用中 - 飽和",平地
319,屏東縣東港一、二期垃圾掩埋場,屏東縣,屏東縣東港鎮興和里平和路100號,東港鎮公所,4,"無;89年暴雨發生淹水現象,管理室遭水滲入,設備文件部分損壞.",復育中,平地
320,屏東縣獅子鄉簡易掩埋場,屏東縣,屏東縣獅子鄉楓林段218地號,獅子鄉公所,0.8,有,已封閉,坡地
321,屏東縣鹽埔鄉垃圾掩埋場,屏東縣,鹽埔鄉新園段,鹽埔鄉公所,0,有,"使用中 - 未飽和",平地
322,屏東縣牡丹鄉垃圾掩埋場,屏東縣,屏東縣牡丹鄉四林段1478號,牡丹鄉公所,0,有,"使用中 - 未飽和",坡地
323,牡丹鄉衛生掩埋場,屏東縣,屏東縣牡丹鄉四林村,牡丹鄉公所,2.6,有,已封閉,坡地
324,屏東縣恆春鎮垃圾掩埋場,屏東縣,恆春鎮山腳里恆東路61號,恆春鎮公所,10,有,"使用中 - 未飽和",坡地
325,屏東縣潮州鎮垃圾掩埋場,屏東縣,潮州鎮三四林段一小段47號,潮州鎮公所,1.2,有,"使用中 - 過飽和",平地
326,屏東縣萬巒鄉簡易掩埋場,屏東縣,五溝,萬巒鄉公所,0.5,有,已封閉,平地
327,屏東縣東港三期垃圾掩埋場,屏東縣,屏東縣東港鎮興和里和平路100號,東港鎮公所,4,"無;89年暴雨發生淹水現象,管理室遭水滲入,設備文件部份損壞.","使用中 - 未飽和",平地
328,屏東縣三地門鄉垃圾掩埋場,屏東縣,"屏東縣三地門鄉阿鳥段1097,1096等號地",三地門鄉公所,1,有,已封閉,谷地
329,屏東縣東港鎮區域性衛生垃圾掩埋場,屏東縣,屏東縣東港鎮興和里平和路100號,東港鎮公所,0,無,"使用中 - 未飽和",平地
330,屏東縣滿州鄉簡易掩埋場,屏東縣,滿州鄉永靖村北勢山頂上,滿州鄉公所,10,有,已封閉,坡地
331,屏東縣竹田鄉舊垃圾掩埋場,屏東縣,竹田鄉竹田段103-21,,0,,復育中,
332,屏東縣萬丹簡易掩埋場,屏東縣,"竹林段637,637-1,639,640號土地",萬丹鄉公所,1.8474,有,已封閉,平地
333,台東縣海端鄉簡易垃圾掩埋場,臺東縣,台東縣海端鄉廣原村,海端鄉公所,1.533,有,"使用中 - 未飽和",坡地
334,台東縣金峰鄉垃圾衛生掩埋場,臺東縣,"金峰鄉嘉蘭段29-5地號(台東縣金峰鄉嘉蘭村 135 號〈嘉蘭段 900 號〉)",金峰鄉公所,6,有,"使用中 - 飽和",坡地
335,台東縣綠島鄉簡易掩埋場,臺東縣,綠島鄉海參平1號(綠島鄉海參坪),綠島鄉公所,2.3633,有,"使用中 - 未飽和",谷地
336,台東縣鹿野鄉第一期垃圾衛生掩埋場,臺東縣,"鹿野鄉路野段159-33,34,35地號(台東縣鹿野鄉鹿野段159之33、34、35)",,,,復育中,
337,台東縣台東市海濱公園,臺東縣,台東市大同路底,,,,復育中,
338,台東縣金峰鄉垃圾掩埋場,臺東縣,台東縣金峰鄉嘉蘭村135號,金峰鄉公所,0.8521,有,"使用中 - 飽和",坡地
339,台東縣台東市豐原衛生掩埋場,臺東縣,台東市中華路四段999巷285號,台東市公所,10.5,有,"使用中 - 過飽和",平地
340,台東縣卑南鄉垃圾衛生掩埋場,臺東縣,卑南鄉山里部落34號(嘉豐村嘉豐山里部落初鹿段號),卑南鄉公所,0.0219,有,"使用中 - 未飽和",河岸
341,台東縣成功鎮都歷垃圾掩埋場,臺東縣,成功都歷利小段458-13號(台東縣成功鎮中山東路75號),,5.09,有,"使用中 - 未飽和",平地
342,台東縣台東市知本掩埋場,臺東縣,"台東市知本路一段2巷500號(台東市知本段3918-2,3919,3920,7367,7368等五筆)",台東市公所,4.4488,,,特農
343,台東縣大武鄉簡易掩埋場,臺東縣,大武鄉大武段1619-2地號(台東縣大武鄉大武村大武街170-2號),大武鄉公所,3.5,有,"使用中 - 未飽和",坡地
344,台東縣達仁鄉臨時垃圾掩埋場,臺東縣,台東縣達仁鄉安朔村(距安朔村約4公里),達仁鄉公所,0,無;天宮廟,已封閉,河岸
345,台東縣長濱鄉簡易掩埋場,臺東縣,長濱鄉長濱村濱海段2地號,,1.33,有,"使用中 - 飽和",
346,台東縣蘭嶼垃圾掩埋場,臺東縣,蘭嶼鄉紅頭段28地號,蘭嶼鄉公所,0.8715,有,"使用中 - 未飽和",平地
347,台東縣池上鄉垃圾掩埋場,臺東縣,池上鄉新興村新興1號(池上大橋下),池上鄉公所,7.6825,,"使用中 - 未飽和",河岸
348,台東縣東河鄉垃圾掩埋場,臺東縣,東河鄉泰源村高原段林地2723-174,,1.6,,,
349,台東縣太麻里鄉簡易掩埋場,臺東縣,台東縣太麻里鄉多良村多良橋西側900公尺處,太麻里鄉公所,0.12,有,"使用中 - 飽和",谷地
350,台東縣關山區域掩埋場,臺東縣,關山都親水段417號,關山鎮公所,2.52,有,"使用中 - 未飽和",平地
351,台東縣延平鄉延平衛生掩埋場,臺東縣,鸞山段105一筆,延平鄉公所,1.416,有,"使用中 - 未飽和",原住民保留地
352,台東縣鹿野鄉垃圾掩埋場,臺東縣,"台東縣鹿野鄉永安村鹿野鄉鹿野段159-33,34,35地號",鹿野鄉公所,1.7,有,"使用中 - 未飽和",河岸
353,台東縣延平鄉鸞山簡易掩埋場,臺東縣,延平鄉梅山里部落(鸞山段97、98二筆),延平鄉公所,1.416,有,"使用中 - 未飽和",坡地
354,台東縣台東市建農垃圾掩埋場,臺東縣,台東市知本路路一段2巷500號,台東市公所,4.4488,有,"使用中 - 未飽和",平地
355,台東縣東河鄉公所掩埋場,臺東縣,台東縣東河街東河鄉村64號,東河鄉公所,0.0011,,"使用中 - 未飽和",
356,花蓮縣豐濱鄉三富橋簡易掩埋場,花蓮縣,靜浦村9鄰,豐濱鄉公所,1.15,有,"使用中 - 未飽和",谷地
357,花蓮縣壽豐鄉垃圾掩埋場,花蓮縣,壽豐鄉豐坪路16巷10號,壽豐鄉公所,1.74,有,"使用中 - 飽和",平地
358,花蓮縣新城鄉垃圾掩埋場,花蓮縣,新城鄉大漢村德莊10-100號,新城鄉公所,2.975,無,,海岸
359,花蓮縣花蓮市垃圾掩埋場,花蓮縣,花蓮市華東15之1號,花蓮市公所,4.6238,有,"使用中 - 未飽和",海岸
360,花蓮縣瑞穗鄉垃圾掩埋場,花蓮縣,瑞穗鄉瑞北村瑞穗段1-66地號,瑞穗鄉公所,1.5,有,"使用中 - 飽和",平地
361,花蓮縣玉里鎮長良衛生掩埋場,花蓮縣,玉里鎮永安段2987-0004地號(長良里(永安段2987-4)),玉里鎮公所,4.9915,,,平地
362,花蓮縣光復鄉垃圾掩埋場,花蓮縣,光復鄉大坪村佛祖街386號,光復鄉公所,2.3127,有,"使用中 - 過飽和",平地
363,花蓮縣卓溪鄉垃圾掩埋場,花蓮縣,花蓮縣卓溪鄉卓溪村中正70號,卓溪鄉公所,0.09,有,已封閉,坡地
364,花蓮縣吉安鄉垃圾掩埋場,花蓮縣,吉安鄉光華村4林光華5街409號(花蓮縣吉安鄉光華村第四鄰(初英二號堤防旁)),吉安鄉公所,162.0536,有,,河岸
365,花蓮縣新城鄉垃圾掩埋場,花蓮縣,花蓮縣新城鄉大漢村德莊段100號,新城鄉公所,0.9062,,,海岸
366,花蓮縣秀林鄉掩埋場,花蓮縣,秀林鄉秀林村3鄰民有8號,秀林鄉公所,2.0175,,"使用中 - 未飽和",
367,花蓮縣吉安鄉垃圾掩埋場,花蓮縣,花蓮縣吉安鄉光華村南濱路一段533號旁,吉安鄉公所,602.93,有,"使用中 - 飽和",平地
368,花蓮縣壽豐鄉垃圾掩埋場,花蓮縣,壽豐鄉豐坪村豐坪路1段16巷10號,壽豐鄉公所,2.5,有,"使用中 - 飽和",平地
369,花蓮縣瑞穗鄉衛生掩埋場(復育),花蓮縣,花蓮縣瑞穗鄉瑞穗段1-71號,,,,復育中,
370,花蓮縣豐濱鄉小港簡易掩埋場,花蓮縣,豐濱村1鄰,豐濱鄉公所,0.2,,已封閉,坡地
371,花蓮縣富里鄉垃圾掩埋場,花蓮縣,富里鄉羅山村東湖12-1,富里鄉公所,1.8327,有,"使用中 - 未飽和",坡地
372,花蓮縣萬榮鄉簡易掩埋場,花蓮縣,明利段,萬榮鄉公所,1,有,"使用中 - 過飽和",平地
373,花蓮縣卓溪鄉衛生掩埋場(復育),花蓮縣,花蓮縣卓溪鄉崙山村一鄰61-2號,,0,,復育中,
374,花蓮縣鳳林鎮垃圾掩埋場,花蓮縣,花蓮縣鳳林鎮榮開路70號,鳳林鎮公所,29,有,"使用中 - 未飽和",平地
375,澎湖縣白沙鄉鳥嶼垃圾掩埋場,澎湖縣,鳥嶼段0001-0001地號(白沙鄉鳥嶼村46之1號),白沙鄉公所,0.5182,有,"使用中 - 未飽和",坡地
376,澎湖縣湖西鄉東石垃圾掩埋場,澎湖縣,湖西鄉東石段9-3號,湖西鄉公所,1.13,有,"使用中 - 未飽和",海岸
377,澎湖縣馬公市簡易掩埋場(舊場),澎湖縣,馬公市重光里,馬公市公所,0,有,已封閉,海岸
378,澎湖縣白沙鄉吉貝垃圾掩埋場,澎湖縣,吉貝002-0011地號(白沙鄉吉貝村27之9號),白沙鄉公所,0.8049,有,"使用中 - 未飽和",海岸
379,澎湖縣望安鄉將軍垃圾掩埋場,澎湖縣,將軍段859地號,澎湖縣望安鄉公所,0.53,有,"使用中 - 未飽和",平地
380,澎湖縣湖西鄉青村舊垃圾堆置點(復育),澎湖縣,青螺段748.748-7號二筆,湖西鄉公所,,,復育中,
381,澎湖縣七美鄉垃圾掩埋場,澎湖縣,大嶼段4676-1地號等4筆土地,澎湖縣七美鄉公所,0.724,有,"使用中 - 未飽和",特定事業用地
382,澎湖縣湖西鄉紅羅垃圾掩埋場,澎湖縣,湖西鄉紅羅段2380-1地號等16筆土地,湖西鄉公所,1.6933,,"使用中 - 未飽和",
383,澎湖縣白沙鄉大倉垃圾掩埋場,澎湖縣,大倉126-0005地號(白沙鄉大倉村22之1號),白沙鄉公所,0.2249,有,"使用中 - 未飽和",海岸
384,澎湖縣馬公市垃圾掩埋場,澎湖縣,馬公市,馬公市公所,4.1225,有,已封閉,海岸
385,澎湖縣望安鄉水垵垃圾掩埋場,澎湖縣,水垵段507、521地號,澎湖縣望安鄉公所,0.52,有,"使用中 - 未飽和",坡地
386,澎湖縣望安鄉花嶼垃圾掩埋場,澎湖縣,花嶼段612-48地號,澎湖縣望安鄉公所,0.9394,,,
387,澎湖縣西嶼鄉竹灣垃圾掩埋場,澎湖縣,"西嶼鄉竹灣段2448地號(西嶼鄉竹篙灣段2478-1,2478-2地號)",西嶼鄉公所,0.8,有,"使用中 - 未飽和",海岸
388,澎湖縣馬公市草蓆尾垃圾衛生掩埋場,澎湖縣,未登錄地,馬公市公所,,,復育中,
389,澎湖縣白沙鄉岐頭垃圾掩埋場,澎湖縣,白沙鄉崎頭村51-4號,白沙鄉公所,1.1014,有,"使用中 - 未飽和",平地
390,金門縣烈嶼鄉垃圾掩埋場,金門縣,烈嶼鄉楊厝1-5號,烈嶼鄉公所,0.6,有,"使用中 - 未飽和",坡地
391,金門縣金沙鎮大洋垃圾場,金門縣,金門縣金湖鎮多連段1098之2地號,金沙鎮公所,2,有,已封閉,平地
392,金門縣金沙鎮鵲山垃圾衛生掩埋場,金門縣,金沙鎮環島東路2段331巷66號(金門縣金沙鎮環島東路二段331巷66號),金門縣金沙鎮公所,2.2783,,,平地
393,金門縣金寧鄉簡易掩埋場,金門縣,賈村垃圾場（地號）中山林段185-2號,金寧鄉公所,7.6921,,"使用中 - 飽和",蝕溝
394,金門縣金寧鄉簡易掩埋場,金門縣,賈村垃圾場(地號)中山林段185-2號,金寧鄉公所,7.6921,,"使用中 - 飽和",蝕溝
395,金門縣金湖鎮新塘垃圾掩埋場,金門縣,金湖鎮新塘,金門縣金湖鎮,5.614,,"使用中 - 未飽和",谷地
396,金門縣金湖鎮新塘衛生掩埋場(復育),金門縣,金湖鎮料羅段152-1號(金湖鎮料羅新塘),,,,復育中,
397,金門縣金城鎮赤山垃圾掩埋場,金門縣,金城鎮小古崗100號(金門縣金城鎮小古崗100號),金門縣金城鎮,2.05,有,"使用中 - 未飽和",平地
398,連江縣南竿掩埋場,連江縣,南竿鄉復興段2225等13筆,南竿鄉公所,0.2912,,"使用中 - 未飽和",坡地
399,東莒島垃圾掩埋場,連江縣,福正段６０１，６０４，９１５,連江縣政府,0.6225,,,
400,連江縣北竿鄉衛生掩埋場,連江縣,"北竿鄉橋仔段501-1000,61-1000",北竿鄉公所,1.326,,"使用中 - 未飽和",坡地
401,連江縣北竿鄉垃圾場,連江縣,北竿鄉里村,北竿鄉公所,0.4,,"使用中 - 飽和",谷地
402,西莒島垃圾掩埋場,連江縣,田沃段２５，１１２２，１１２４，１１２５，１１２６,連江縣政府,0.5,,,
403,東引鄉垃圾掩埋場,連江縣,東引鄉東引東段１０２，１０３，１０４等１４筆,東引鄉公所,0.4,,,
