"名稱","管制編號","興建面積(公頃)","操作單位","興建主辦機關","開工日期","地址","完工日期","營運型態","營運監督機構","縣府提供年保證處理量(公噸/年)","一般事業廢棄物廠商保證量(公噸/年)","設計處理量(公噸/日)","環評審查公告日期"
"台北市山豬窟垃圾掩埋場","86080","30","--","中華工程/新發營造","1993/05/15","臺北市南深路37號","1995/03/29","垃圾掩埋場","中興工程顧問公司","0","700","6170000","--"
"台北縣坪林鄉鶯仔嶺垃圾場(復育)","86088","--","--","--","--","坪林鄉文山事業區","--","垃圾掩埋場","--","--","--","178920","--"
"台北縣八里區域垃圾衛生掩埋場","86086","68","--","一二期承鴻營造,三期林記營造, , , ,","1999/07/13","八里下罟子63號","2002/06/30","垃圾掩埋場","慧能工程(股)公司","1000","1100","5969000","--"
"台北縣坪林鄉垃圾掩埋場","86087","9","--","中隆營造有限公司","1992/12/30","坪林鄉文山事業區","1994/01/18","垃圾掩埋場","定和工程顧問有限公司","20","8","178920","--"
"台北縣瑞芳鎮中坑垃圾掩埋場","86095","0","--","--","--","瑞芳鎮碩仁里中坑(三爪子段中坑小段80地號)","--","垃圾掩埋場","--","0","0","155300","--"
"台北縣金山垃圾掩埋場","86100","5.8733","--",",","--","金山鄉永興村大小崛路7號","--","垃圾掩埋場","--","0","0","160000","--"
"台北縣雙溪鄉垃圾掩埋場","86082","4.5024","--","有利營造有限公司, 100%","2002/05/16","雙溪鄉魚行段坑子內小段36、36之2、36之3、37、76地號","2002/12/13","垃圾掩埋場","旭美工程顧問有限公司","15","12","3500000","--"
"台北縣中和市垃圾掩埋場","86085","5.5740","--",",","--","中和市中正路637巷60弄5號之2","--","垃圾掩埋場","--","0","0","920000","--"
"台北縣石門鄉簡易掩埋場","86096","0.2754","--","石門鄉公所","2001/12/22","石門鄉下角段草埔尾小段地號1-3","2002/02/20","垃圾掩埋場","建設課","10","10","0","--"
"台北縣瑞芳垃圾掩埋場","86093","9.2858","--","惠基營造有限公司, , , , , , , , , , , ,","1989/06/30","瑞芳鎮碩仁里中坑(三爪子段中坑小段80地號)(92)","1991/05/29","垃圾掩埋場","新環工程顧問有限公司","60","60","155300","--"
"台北縣三芝鄉垃圾掩埋場","86084","2.1134","--","翊軒營造有限公司","1999/05/04","三芝鄉新小基隆段陳厝坑小段52-4號","2000/08/04","垃圾掩埋場","和捷顧問工程公司","20","0","8588","--"
"台北縣萬里鄉公所垃圾掩埋場","86097","41.2770","--","--","--","--","--","垃圾掩埋場","--","0","0","500000","--"
"台北縣三峽山員潭子區域性衛生掩埋場","86083","18","--","建林營造, , ,","1991/11/15","三峽鎮中正路三段262號","1993/08/20","垃圾掩埋場","中華顧問工程公司","300","1400","1260000","--"
"台北縣瑞芳簡易掩埋場(舊場)","86094","2.0166","--","無 , ,","--","大粗坑","--","垃圾掩埋場","無","50","50","150000","--"
"台北縣汐止垃圾掩埋場","86091","2.70","--","--","--","汐止市白匏湖段223-2,517,518等地號","--","垃圾掩埋場","--","180","180","0","--"
"台北縣樹林灰渣掩埋場","86090","3.64","--","柏盛營造有限公司, , , , , , ,","1994/02/01","樹林市中山路三段216號","1996/03/25","垃圾掩埋場","京華環境工程股份有限公司","450","90","217373","--"
"台北縣貢寮鄉貢寮砲台山垃圾場(復育)","86099","3.1780","--","--","--","貢寮鄉鹽寮公園旁","--","垃圾掩埋場","--","5","12","10000","--"
"台北縣新店市貓巡坑 垃圾衛生掩埋場","86089","0","--","台北縣政府,","--","新店市永興路","--","垃圾掩埋場","台北縣政府","0","0","0","--"
"泰山鄉臨時簡易掩埋場","86293","0","--","--","--","泰山鄉橫窠路臨145號","--","垃圾掩埋場","--","0","0","0","--"
"台北縣淡水鎮簡易掩埋場","86092","1.3840","--",", ,","--","淡水鎮義山里羊稠子","--","垃圾掩埋場","--","0","0","0","--"
"台北縣貢寮鄉垃圾掩埋場","86098","3.1780","--","--","--","貢寮鄉鹽寮公園旁","--","垃圾掩埋場","--","5","12","10000","--"
"台中縣太平市車籠埔垃圾掩埋場","86070","2.4476","--","資圓營造股份有限公司,","2001/08/03","太平市車籠埔","2002/11/07","垃圾掩埋場","聯成工程顧問公司","155","0","288000","--"
"台中縣后里垃圾掩埋場","86057","1","--","中新營造","1994/12/01","--","--","垃圾掩埋場","中琦顧問工程","60","60","54750","--"
"台中縣霧峰鄉垃圾掩埋場","86078","78.84","--","耀賢營造有限公司, , , , ,","1999/03/12","台中縣霧峰鄉萬豐村萬斗六段大掘坑","2000/01/28","垃圾掩埋場","吉優工程顧問有限公司","56","41","285000","--"
"台中縣后里鄉垃圾掩埋場(新)","86058","1.80","--","永聯營造公司, ,","1999/07/28","后里鄉牛稠坑段七星小段,道57-1,旱58-1,旱59-3,59-4","2002/12/12","垃圾掩埋場","中琦工程顧問有限公司","62","0","201230","--"
"台中縣神岡垃圾掩埋場","86077","4.50","--","詠翔營造有限公司, ,","1997/04/25","神岡鄉下溪洲後璧厝段1126-1(台中縣神岡鄉溪洲村堤南路300號)","1998/03/22","垃圾掩埋場","環基工程顧問公司","55","50","275143","--"
"台中縣清水鎮垃圾掩埋場","86075","2.53","--","蕙莖工程公司","1989/06/08","台中縣清水鎮楊厝寮段海風小段297-2地號","1990/02/02","垃圾掩埋場","漢宮工程顧問有限公司","73","65","700000","--"
"台中縣龍井區域垃圾掩埋場","86079","4.1507","--","港洲營造有限公司, ,","1998/05/07","台中縣龍井鄉龍昌路32號","1999/02/11","垃圾掩埋場","中琦工程顧問有限公司","130","100","271800","--"
"台中縣烏日鄉垃圾掩埋場","86076","2.50","--","台中縣烏日鄉公所,","2000/02/11","烏日鄉慶光路300","2000/05/15","垃圾掩埋場","台中縣烏日鄉公所","72","50","262500","--"
"台中縣大安鄉一期衛生掩埋場(舊場)","86061","1.29","--","洽基營造有限公司, ,","1993/05/01","大安鄉南埔段436,437,438地號","1994/06/07","垃圾掩埋場","仲埜工程顧問有限公司","22","22","0","--"
"台中縣大甲鎮二期掩埋場","86065","6.8460","--","鴻儒營造有限公司","1999/07/09","大甲鎮雙寮段379地號","2000/01/10","垃圾掩埋場","中揚工程顧問公司","75","70","268380","--"
"台中縣沙鹿鎮區域衛生垃圾掩埋場","86074","9.40","--","惠基營造公司, , , , , ,","--","台中縣沙鹿鎮竹林里中山路24-51號","--","垃圾掩埋場","惠基營造公司","60","60","940000","--"
"台中縣大里市垃圾掩埋場","86069","8.30","--","中新營造公司","1993/04/09","大里市建民段852地號(台中縣大里市健東路181號)","1994/04/21","垃圾掩埋場","仲埜工程顧問公司","0","0","1000000","--"
"台中縣大甲鎮垃圾掩埋場","86066","--","--","--","--","台中縣大甲鎮建興里雙寮段739地號","--","垃圾掩埋場","--","--","--","145200","--"
"台中縣梧棲垃圾掩埋場","86073","0","--","--","2002/10/31","台中縣梧棲鎮大觀路6號(本分處行政大樓)對面","--","垃圾掩埋場","吉優工程顧問有限公司","0","0","0","--"
"台中縣東勢鎮衛生掩埋場","86072","0.56","--","進益營造有限公司, , ,","1997/06/03","東勢鎮東新里四角林中嵙小段853之53地號","--","垃圾掩埋場","中琦工程顧問公司","9","9","50000","--"
"台中縣大甲鎮一期衛生掩埋場(復育)","86064","--","--","--","--","大甲鎮雙寮段379地號","--","垃圾掩埋場","--","--","--","145200","--"
"台中縣大安鄉三期衛生掩埋場","86062","1.85","--","元璟營造有限公司, ,","2001/11/08","大安鄉南埔段436,437,438地號","2002/03/08","垃圾掩埋場","吉優工程顧問有限公司","22","22","82500","--"
"台中市垃圾掩埋場(南屯區)","86056","12.07","--","中華工程公司, 100%","1995/05/11","台中市南屯區文山南巷500號(408台中市南屯區文山里文山南巷500號)","1997/09/11","垃圾掩埋場","旭豪工程顧問有限公司","500","100","3600000","--"
"台中縣和平鄉垃圾衛生掩埋場","86059","4.50","--","旭豪工程顧問有限公司,","1995/01/01","台中縣和平鄉南勢村東關三段156號","1996/05/01","垃圾掩埋場","旭豪工程顧問有限公司","12","6","9000","--"
"台中縣大肚鄉垃圾衛生掩埋場","86067","8.2135","--","柏盛營造,","1993/04/20","萬陵段2地號","1994/06/28","垃圾掩埋場","吉磊顧問有限公司","80","35","240000","--"
"台中縣大安鄉二期垃圾場","86063","7.16","--","元璟營造有限公司","1998/08/28","台中縣大安鄉南埔段436,437,438地號","1999/01/15","垃圾掩埋場","吉優工程顧問公司","22","20","320000","--"
"台中縣大肚鄉衛生掩埋場(復育)","86068","--","--","--","--","台中縣大肚鄉華山路388號","--","垃圾掩埋場","--","--","--","250000","--"
"台中縣新社鄉垃圾衛生掩埋場","86071","1.75","--","飛發營造","1995/04/24","新社鄉復盛村興社街26號","1997/03/12","垃圾掩埋場","上鼎技術顧問有限公司","24","10","97000","--"
"台中縣外埔垃圾場","86060","0.85","--","惠基營造有限公司, , ,","1989/04/06","外埔鄉廓子路113號","--","垃圾掩埋場","漢宮工程顧問公司","0","35","300000","--"
"台南縣下營鄉簡易掩埋場","86105","1.76","--","衛盛營造工程有限公司","2001/10/22","下營鄉麻豆寮段","2001/12/25","垃圾掩埋場","葉哲源土木結構工程技師事務所","30","30","16000","--"
"台南縣鹽水鎮一期掩埋場","86145","1.6261","--","勵成工程有限公司","1988/06/17","鹽水鎮舊營段後寮小段1539至1547等9筆土地","1989/03/20","垃圾掩埋場","詮華工程顧問有限公司","0","31","0","--"
"台南縣新營市掩埋場二期","86128","1.80","--","--","1988/06/22","新營市護鎮里後鎮104號","1989/04/22","垃圾掩埋場","上鼎技術顧問股份有限公司","75","70","80000","--"
"台南市城西一期垃圾掩埋場","86101","11","--","生大營造","1994/06/30","台南市安南區城西段1008地號","1995/08/20","垃圾掩埋場","上鼎技術顧問","850","850","7020000","--"
"台南縣左鎮鄉岡林垃圾掩埋場","86121","0","--","--","--","--","--","垃圾掩埋場","--","5","5","100000","--"
"台南縣北門鄉簡易掩埋場","86109","0.41","--","--","--","北門鄉蚵寮段752-147、752-148地號(台南縣北門鄉蚵寮段812-3地號)","--","垃圾掩埋場","--","15","12","0","--"
"台南縣歸仁鄉垃圾掩埋場(新場)","86135","4.5902","--","光億營造有限公司,","2001/01/02","歸仁鄉長榮路3段451巷35弄71號(台南縣歸仁鄉大潭村長榮路3段451巷35弄71號)","2002/02/22","垃圾掩埋場","華門工程顧問股份有限公司","93","93","210000","--"
"台南縣白河鎮垃圾掩埋場","86141","2.97","--","丁元營造公司","1993/04/02","六重溪段746、747、701、702、748、745等6筆","1994/05/10","垃圾掩埋場","上鼎顧問公司","35","35","222235","--"
"台南縣鹽水鎮二期掩埋場","86146","2.0932","--","光億營造有限公司","2000/01/30","鹽水鎮後窄里舊營段後寮小段1551-1565地號(鹽水鎮舊營段後寮小段1550-1565號共16筆)","2001/07/20","垃圾掩埋場","十山工程顧問公司","33","31","56530","--"
"台南縣新營市第四期垃圾場","86130","2.75","--","昱榮營造有限公司","1997/04/10","新營市護鎮里104號","1997/11/04","垃圾掩埋場","十山工程顧問股份有限公司","105","98","118000","--"
"台南縣學甲鎮三期垃圾場","86114","1.21","--","岡正營造有限公司","2000/06/21","學甲鎮一秀里155-44號，學甲段697-60地號","2001/04/12","垃圾掩埋場","十山顧問公司","0","35","0","--"
"台南市城西二期垃圾掩埋場","86103","14.20","--","佳榮營造, ,","1995/06/27","略","1996/03/01","垃圾掩埋場","智暉工程顧問公司","250","250","852000","--"
"台南縣學甲鎮垃圾衛生掩埋場(復育)","86116","5","--",",","--","台南學甲鎮一彦里154-44號","--","垃圾掩埋場","--","0","0","100000","--"
"台南縣七股鄉一期簡易掩埋場","86104","0.8865","--","--","--","台南縣七股鄉大埕村377號","--","垃圾掩埋場","--","32","0","0","--"
"台南縣仁德垃圾衛生掩埋場三期","86107","5.84","--","忠正營造公司, , , , ,","--","仁德鄉上崙村崑崙街534巷1966號","--","垃圾掩埋場","長威工程顧問有限公司","86","65","180000","--"
"台南縣後壁鄉垃圾場","86122","3.50","--","上智營造股份有限公司, , ,","1990/12/03","後壁鄉仕安村","1991/05/20","垃圾掩埋場","上鼎技術顧問股份有限公司","0","20","35000","--"
"台南縣玉井鄉簡易掩埋場","86140","0","--","--","--","台南縣玉井鄉三和村芒子芒段","--","垃圾掩埋場","--","16","16","0","--"
"台南縣後壁鄉菁寮垃圾場","86123","7.35","--","力大貿易股份有限公司, ,","1989/01/25","台南縣後壁鄉菁寮村","1990/02/15","垃圾掩埋場","上鼎技術顧問股份有限公司","25","20","73500","--"
"台南縣關廟鄉垃圾衛生掩埋場","86143","--","--","--","--","關廟深坑段780-10","--","垃圾掩埋場","--","--","--","0","--"
"台南縣新營市第五期垃圾場","86129","5.9178","--","宏鎰營造有限公司,","2002/01/08","新營市後鎮段2855等25筆","--","垃圾掩埋場","十工工程顧問股份有限公司","100","100","425","--"
"台南縣官田鄉垃圾掩埋場","86118","8.0825","--","森榮營造有限公司, , ,","1994/06/30","官田鄉社子段650-296、650-83地號(官田鄉大崎村10鄰莿子埔31號)","1995/11/15","垃圾掩埋場","上鼎技術顧問公司","30","30","188380","--"
"台南縣佳里鎮垃圾掩埋場","86108","2.50","--","--","--","台南縣佳里鎮忠孝路5號","--","垃圾掩埋場","--","60","58","73500","--"
"台南縣仁德垃圾衛生掩埋場","86106","5.84","--","--","--","仁德鄉港墘路地號910","--","垃圾掩埋場","長威工程顧問有限公司","86","86","134150","--"
"台南市城西三期垃圾掩埋場","86102","53.50","--","亦慶營造","1999/03/01","台南市安南區城西街3段1105巷121弄150號(土城子段566及507-81號現城西1029及1012)","2000/03/29","垃圾掩埋場","長威工程顧問公司","0","0","53500","--"
"台南縣山上鄉簡易掩埋場","86120","14.3882","--",",","--","山上鄉牛綢埔段188-1地號(簡易掩埋場)","--","垃圾掩埋場","--","0","8","0","--"
"台南縣歸仁鄉垃圾掩埋場(舊場)","86136","10","--","東瑩營造有限公司","1998/08/04","台南縣歸仁鄉大苓段","1998/12/13","垃圾掩埋場","華門工程顧問有限公司","100","100","0","--"
"台南縣新化鎮垃圾衛生掩埋場(一期)","86124","6.9160","--","銘峰營造工程有限公司","1995/06/26","新化鎮礁坑里茄冬坑5號之1","1996/09/13","垃圾掩埋場","期順工程有限公司","40","38","324000","--"
"台南縣新市鄉潭頂垃圾掩埋場","86126","3.6681","--","丁元營造有限公司","1991/01/30","台南縣新市鄉潭頂村100-60號","1991/05/24","垃圾掩埋場","上鼎技術顧問公司","30","25","0","--"
"台南縣玉井鄉垃圾掩埋場","86139","0","--",",","--","台南縣玉井鄉三和村芒子芒段","--","垃圾掩埋場","--","0","14","0","--"
"台南縣麻豆鎮垃圾衛生掩埋場","86148","--","--","--","--","麻豆鎮北勢里加輦邦33-3號","--","垃圾掩埋場","--","--","--","13000","--"
"台南縣柳營鄉六甲區域性垃圾掩埋場","86133","5.8792","--","弘田營造有限公司","1992/01/24","柳營鄉果毅後段85號","1993/03/27","垃圾掩埋場","上鼎技術顧問公司","50","150","496817","--"
"台南縣安定鄉安定區域場","86117","4.95","--","佳榮營造有限公司, ,","1997/04/21","台南縣安定鄉六塊寮段","1998/02/11","垃圾掩埋場","益邦工程顧問有限公司","30","33","16330","--"
"台南縣麻豆鎮垃圾掩埋場","86147","5.6029","--","佳榮營造有限公司","1998/06/30","麻豆鎮北勢里加輦邦33-3號","1999/09/30","垃圾掩埋場","王技工程顧問公司","80","80","240000","--"
"台南縣西港鄉簡易垃圾掩埋場","86142","0.5940","--","--","--","台南縣西港鄉文化路1號 Fax: 06-7953274","--","垃圾掩埋場","--","0","30","0","--"
"台南縣將軍鄉廣山簡易掩埋場","86119","0.3024","--","將軍鄉公所","1999/08/05","台南縣將軍鄉山子腳段1449、1450號","1999/07/26","垃圾掩埋場","--","25","25","5000","--"
"台南縣善化鎮垃圾掩埋場","86112","3.0180","--","森榮營造有限公司","--","善化鎮胡厝寮段1411,1412,1413地號","--","垃圾掩埋場","環基工程顧問(股)公司","50","50","95000","--"
"台南縣南化鄉垃圾掩埋場","86110","0.3361","--","南化鄉公所","--","南化鄉芒子芒段437之1地號(台南縣玉井鄉芒子芒段437-1地號 fax: 06-5771080)","--","垃圾掩埋場","南化鄉公所","15","7","36000","--"
"台南縣南化鄉簡易埋場(舊場)","86111","0.3981","--","--","--","南化鄉南化段2152-2地號","--","垃圾掩埋場","--","0","0","0","--"
"台南縣歸仁鄉簡易掩埋場","86137","110","--","--","--","歸仁鄉大苓段","--","垃圾掩埋場","--","100","100","0","--"
"台南縣新營市掩埋場一期","86127","2.20","--","--","1987/07/01","新營市護鎮里後鎮104號","1988/12/03","垃圾掩埋場","和鋒聯合工程顧問公司","65","60","120000","--"
"台南縣新化鎮垃圾衛生掩埋場(二期)","86125","6.9160","--","桐慶營造股份有限公司","2000/10/25","新化鎮礁坑里茄苳坑5號之1","2002/01/14","垃圾掩埋場","敦懋工程管理顧問有限公司","40","38","324000","--"
"台南縣大內鄉垃圾掩埋場","86113","1.22","--","森榮營造有限公司,","1995/03/23","大內鄉頭社段701-10.701-11.701-12.701-13.701-15","1996/12/09","垃圾掩埋場","上鼎技術顧問公司","24","21","66800","--"
"台南縣永康市王田垃圾衛生掩埋場","86138","--","--","--","--","車行段879、880號","--","垃圾掩埋場","--","--","--","0","--"
"台南縣關廟鄉簡易掩埋場","86144","7","--","--","--","關廟鄉深坑子段780-10地號","--","垃圾掩埋場","--","50","30","0","--"
"台南縣東山鄉大坑垃圾掩埋場","86131","10.80","--","丁元營造公司","1989/06/09","東山鄉前大埔段11-6號","--","垃圾掩埋場","上鼎技術公司","17","17","195445","--"
"台南縣楠西鄉垃圾衛生掩埋場","86134","5.50","--","銘峰營造工程有限公司","--","楠西鄉龜丹段263-16地號","--","垃圾掩埋場","立源工程顧問公司","13","9","346200","--"
"台南縣學甲鎮二期垃圾掩埋場","86115","4.80","--","尚未發包(第三期)","--","學甲鎮一秀里","--","垃圾掩埋場","十山顧問公司","30","50","0","--"
"南化鄉垃圾處理場","86042","0.3361","--",",","--","無","--","垃圾掩埋場","--","10","7","16800","--"
"高雄縣甲仙鄉簡易掩埋場","86426","0.50","--","無","--","高雄縣甲仙鄉和安村(東阿里關571-1地號)","--","垃圾掩埋場","無","0","0","15000","--"
"高雄縣永安鄉垃圾掩埋場","86420","2.2691","--","和慶營造有限公司","1999/01/19","高雄縣永安鄉烏樹林段254號","1999/09/07","垃圾掩埋場","王技工程顧問股份有限公司","12","13","51464","--"
"高雄縣燕巢鄉垃圾掩埋場(二期)","86425","45","--","燕巢鄉公所","--","燕巢鄉湖仔內段46-1地號","--","垃圾掩埋場","智暉工程顧問公司","100","100","700000","--"
"高雄縣美濃應急簡易掩埋場","86427","2","--","--","--","無","--","垃圾掩埋場","--","0","0","60000","--"
"高雄縣桃源鄉垃圾掩埋場","86417","1.94","--","石尚營造有限公司,","1999/12/03","桃源鄉勤和村勤和段188地","2000/12/06","垃圾掩埋場","十山工程顧問有限公司","5","4","30000","--"
"高雄縣岡山鎮華岡里(二)簡易掩埋場","86413","0","--","--","--","--","--","垃圾掩埋場","--","0","0","0","--"
"高雄縣茄萣鄉垃圾掩埋場","86429","2.3330","--","啟裕營造有限公司","1993/03/28","高雄縣茄萣鄉濱海路四段和三段交界處","1994/03/31","垃圾掩埋場","期順工程有限公司","35","35","85000","--"
"高雄縣仁武掩埋場","86404","1.6116","--","甲乙營造工程公司,","1996/01/06","仁武鄉前埔厝段189等六筆","1996/07/17","垃圾掩埋場","智輝工程技術顧問公司","140","140","98728","--"
"高雄縣鳥松鄉垃圾掩埋場","86434","2.40","--","--","--","高雄縣鳥松鄉十九灣段地247,248,249,250,253號等土地","--","垃圾掩埋場","--","55","55","180000","--"
"高雄縣燕巢鄉區域性一般廢棄物衛生掩埋場興建工程","86422","9.80","--","加興營造工程顧問股份有限公司, 49.26%","2002/07/31","燕巢鄉深水村湖內巷2-16號","2004/11/30","垃圾掩埋場","王技工程顧問股份有限公司","0","0","676504","--"
"高雄縣六龜垃圾掩埋場","86406","2.30","--","甲乙營造公司","1995/12/23","高雄縣六龜鄉六龜村紅水坑3-8號","1997/07/05","垃圾掩埋場","旭豪工程顧問公司","20","0","140400","--"
"高雄縣大社鄉垃圾掩埋場","86409","2.25","--","勵成營造公司","--","大社鄉自強街1號","--","垃圾掩埋場","智輝工程顧問有限公司","0","0","22500","--"
"高雄縣內門鄉垃圾掩埋場","86405","5","--","章誼營造公司","--","內門鄉瑞山村田仔墘","--","垃圾掩埋場","上鼎技術公司","23","15","152300","--"
"高雄縣路竹垃圾衛生掩埋場(二期)","86432","5.19","--","佳榮營造有限公司","1998/05/26","路竹鄉新園段,2055,2056號","1999/04/23","垃圾掩埋場","智暉工程技術顧問公司","100","80","130000","--"
"高雄縣岡山鎮應急垃圾衛生掩埋場","86411","5.5241","--","茂新營造工程有限公司","1993/05/03","岡山鎮三和里中崙寮路21巷8號(岡山鎮拉子地段第1398-21第十七筆)","1995/11/11","垃圾掩埋場","中亞工程顧問股份有限公司","0","6","0","--"
"高雄縣大寮鄉垃圾掩埋場","86407","2.50","--","--","--","大寮鄉山頂村水源路65號","--","垃圾掩埋場","吉磊工程顧問公司","0","0","70000","--"
"高雄市大林蒲灰渣掩埋場","86402","20","--","桂華營造有限公司","1999/02/22","高雄市小港區鳳北路355號","1999/09/16","垃圾掩埋場","環基工程顧問有限公司","400","350","1992000","--"
"高雄縣湖內鄉垃圾掩埋場","86421","2.06","--","金川營造有限公司","1998/04/30","湖內鄉湖內段93地號","--","垃圾掩埋場","智輝工程技術顧問公司","35","0","231670","--"
"高雄縣大寮鳳山區域性衛生掩埋場","86408","3","--","長群營造有限公司","1995/03/20","fax: 07-7826297，大寮鄉山頂村水源路","1996/04/10","垃圾掩埋場","吉磊工程顧問公司","0","0","150000","--"
"高雄縣燕巢鄉垃圾掩埋場(二期)","86425","45","--","燕巢鄉公所","--","燕巢鄉湖仔內段46-1地號","--","垃圾掩埋場","智暉工程顧問公司","100","100","700000","--"
"高雄縣鳳山市衛生掩埋場國泰場","86435","1.90","--","鼎佑暘營造","1993/06/09","灣子頭段428-01,428-19,428-19, 428","1996/12/20","垃圾掩埋場","吉磊工程顧問","400","420","106400","--"
"高雄縣岡山鎮港口崙應急掩埋場","86412","1.5986","--","岡正營造(股)公司","1998/06/29","岡山鎮港口崙段113-2地號等","1998/12/20","垃圾掩埋場","達利開發建設公司","86","5","12732","--"
"高雄縣茂林鄉簡易掩埋場","86428","4.5440","--","--","--","高雄縣茂林鄉多納段1056號","--","垃圾掩埋場","--","0","5","0","--"
"高雄縣旗山鎮垃圾掩埋場","86414","15.9915","--","隆立營造股份有限公司, , , , ,","1993/04/12","旗山鎮和平里義德街37巷2-1號","1995/03/23","垃圾掩埋場","吉磊工程顧問公司","60","25","945000","--"
"高雄縣杉林鄉應急簡易掩埋場","86415","5.6010","--","--","--","杉林段1265地號","--","垃圾掩埋場","--","0","0","160000","--"
"高雄縣路竹鄉舊垃圾衛生掩埋場","86433","--","--","--","--","路竹鄉營後段1.1-4.1-5.1-6.1-7.14地號","--","垃圾掩埋場","--","--","--","0","--"
"高雄縣梓官鄉新建垃圾衛生掩埋場","86419","0","--","--","--","--","--","垃圾掩埋場","--","40","0","0","--"
"高雄縣林園鄉垃圾衛生掩埋場","86416","0.8263","--","柏盛營造有限公司","1995/03/22","林園鄉王公廟段210-21地號土地","1996/06/27","垃圾掩埋場","期順工程有限公司","100","10","266578","--"
"高雄市楠梓區西青埔垃圾衛生掩埋場","86403","--","--","--","--","高雄市楠梓區高楠公路1900號","--","垃圾掩埋場","--","--","--","10000000","--"
"高雄縣路竹、阿蓮鄉區域性垃圾衛生掩埋場","86430","5.19","--","佳榮營造有限公司","1998/05/26","路竹鄉新園段2055、2056","1999/04/23","垃圾掩埋場","智暉工程技術顧問公司","100","80","130000","--"
"高雄縣梓官區域性垃圾及不可燃廢棄物掩埋場","86418","1.0840","--","聯安營造","2000/12/19","高雄縣梓官鄉梓義段712-713地號","2001/07/14","垃圾掩埋場","十山工程顧問公司","35","100","33850","--"
"高雄縣路竹垃圾衛生掩埋場(三期)","86431","4.9375","--","佳榮營造有限公司","1998/05/26","路竹鄉環球路92巷100號(路竹鄉新園段、2055,2056號)","1999/04/23","垃圾掩埋場","智暉工程技術顧問公司","100","80","130000","--"
"高雄縣燕巢鄉垃圾掩埋場(三期)","86424","9.60","--",",","--","燕巢鄉湖內巷2-16號、燕巢鄉湖內仔段46-1號","--","垃圾掩埋場","王技工程顧問有限公司","300","0","800000","--"
"高雄縣岡山鎮協和里簡易掩埋場","86410","0","--","--","--","--","--","垃圾掩埋場","--","0","0","0","--"
"基隆市八斗子長潭里衛生掩埋場(復育)","86200","0","--","協興隆工程服務有限公司","1986/10/26","基隆市八斗子長潭里","1988/09/06","垃圾掩埋場","財團法人中華民國汽華服務社","250","74","767600","--"
"基隆市天外天掩埋場","86201","7.90","--","源發營造,吉達興營造, , , ,","1991/07/30","基隆市培德路二二一之三號","1994/12/05","垃圾掩埋場","泰興工程顧問有限公司","375","440","2430000","--"
"新竹市浸水衛生掩埋場","86268","37","--","寶元營造有限公司,","1994/06/30","新竹市浸水北街450號","1995/07/20","垃圾掩埋場","力鼎技術顧問公司","600","600","1800000","--"
"新竹市南寮衛生掩埋場(復育)","86267","0","--","--","--","新竹市海濱路240號（新竹市垃圾焚化廠旁）","--","垃圾掩埋場","--","0","0","3750000","--"
"嘉義市垃圾掩埋場(東區)","86171","1.3210","--","正建營造工程有限公司, 已完工","1998/06/27","嘉義市崎頂段七、八地號","--","垃圾掩埋場","中琦工程顧問有限公司","285","83","150000","--"
"宜蘭縣礁溪鄉衛生掩埋場","86212","1.7282","--","全德營造公司, 已完工,","2002/10/01","--","2003/08/29","垃圾掩埋場","長榮工程顧問股份有限公司","50","25","76900","--"
"宜蘭縣羅東鎮垃圾掩埋場","86213","5.0639","--","唐榮鐵工廠股份有限公司, 已完工","1995/11/18","冬山大進村(路)159-5號","1998/06/04","垃圾掩埋場","中亞工程顧問有限公司","70","45","338223","--"
"宜蘭縣三星鄉垃圾掩埋場","86203","3","--","力宏營造有限公司, , , , 已完工","1995/01/10","紅柴林段八王圍小段197-6號(三星鄉貴林村貴林路160號)","1995/09/03","垃圾掩埋場","定和工程顧問有限公司","40","13","105000","--"
"宜蘭縣五結鄉垃圾掩埋場","86204","9","--","無","--","宜蘭縣五結鄉成功段599地號","--","垃圾掩埋場","無","52","60","270000","--"
"宜蘭縣大同鄉四方林垃圾場","86209","0.94","--",", ,","--","--","--","垃圾掩埋場","--","2","2","0","--"
"宜蘭縣員山鄉掩埋場","86207","3.8198","--",", , , ,","--","--","--","垃圾掩埋場","--","25","22","0","--"
"宜蘭縣冬山鄉衛生掩埋場","86206","4.98","--","昌吉營造(一期)/緯震營造(二期), 已完工","1997/06/17","--","2003/03/17","垃圾掩埋場","定和工程顧問(一期)/大大工程顧問(二期)","60","35","170000","--"
"宜蘭縣五結鄉垃圾衛生掩埋場","86205","4.98","--","七福營造有限公司, , 已完工,","2002/10/29","五結鄉下清水段埤仔尾小段189-1地號","2003/06/19","垃圾掩埋場","新技工程顧問有限公司","52","40","260600","--"
"宜蘭縣頭城簡易掩埋場","86216","2.10","--","無,","--","--","--","垃圾掩埋場","無","30","22","0","--"
"大同鄉嘉蘭垃圾場","86202","0.6590","--",",","--","--","--","垃圾掩埋場","--","0","4","0","--"
"宜蘭縣宜蘭市金六結臨時垃圾場(復育)","86211","1.50","--","慶峰營造有限公司, 已完工","2000/09/27","宜蘭市建軍里15、16鄰間","2002/05/31","垃圾掩埋場","大鼎室內裝修工程顧問公司","80","80","0","--"
"宜蘭縣蘇澳區域性衛生掩埋場","86214","4","--","葉記營造公司, , , , , ,","1992/01/23","蘇澳鎮頂寮里蘇濱路三段990號","1993/10/27","垃圾掩埋場","凱拓環境工程企業有限公司","50","45","175000","--"
"宜蘭縣蘇澳鎮區域性垃圾掩埋場","86215","4","--","葉記營造公司","1992/01/23","蘇澳鎮猴猴段頂寮小段117,118,123號內","1993/10/27","垃圾掩埋場","凱拓環境工程企業有限公司","50","53","175000","--"
"宜蘭縣壯圍鄉臨時簡易垃圾掩埋場","86208","0.50","--",",","--","--","--","垃圾掩埋場","--","30","15","0","--"
"宜蘭縣宜蘭市建蘭段垃圾掩埋場","86210","4.5050","--","宜蘭市公所, 已完工","1997/06/26","宜蘭市南橋路16之33號","1999/01/31","垃圾掩埋場","宜蘭市公所","120","80","290000","--"
"桃園縣蘆竹鄉垃圾掩埋場","86289","3.0310","--","國煌營造公司","--","桃園縣蘆竹鄉坑口村後壁厝2鄰","1999/07/22","垃圾掩埋場","新環工程顧問公司","40","100","89507","--"
"桃園縣新屋鄉永興垃圾場","86286","0.8405","--","明德營造公司","--","桃園縣新屋鄉永興村7鄰邊","--","垃圾掩埋場","中琦工程顧問有限公司","30","30","48112","--"
"桃園縣大溪鎮垃圾衛生掩埋場","86283","0.9633","--","好聲營造公司，元洲營造工程公司","1999/03/30","大溪鎮美華里坑底國有林地第三林班第三三及四二小班地","1999/11/26","垃圾掩埋場","富畊工程顧問公司","65","60","174750","--"
"桃園縣平鎮市垃圾掩埋場","86284","1.4393","--",",","--","桃園縣平鎮市中興路690號","--","垃圾掩埋場","--","100","100","0","--"
"桃園縣觀音鄉垃圾掩埋場","86290","5.80","--","昱盛營造公司","--","觀音鄉草漯段2145等地號(觀音鄉草漯段2529,2530,2531,2532,2533等五筆)","1997/12/31","垃圾掩埋場","台灣技術服務社","50","45","231515","--"
"桃園縣龍潭鄉垃圾衛生掩埋場","86291","3.60","--","冠全營造","1999/07/30","桃園縣龍潭鄉三和村店湖一路320號","--","垃圾掩埋場","天宇設計公司及龍潭鄉公所建設課","135","80","0","--"
"桃園縣楊梅鎮員本垃圾掩埋場(二期)","86288","2.3239","--","順福營造有限公司, 放樣、全區域整地, , ,","2004/03/11","(楊梅鎮員笨段)楊梅鎮員本里4鄰","--","垃圾掩埋場","財團法人工業技術研究院","120","0","99750","--"
"桃園縣八德市垃圾簡易掩埋場","86282","1.10","--","協順土木包工業, ,","--","桃園縣八德市大安里羊稠仔15之1號","--","垃圾掩埋場","八德市公所","120","135","135000","--"
"桃園縣中壢市衛生掩埋場","86281","4.7264","--","順福營造有限公司, , , , ,","2001/05/08","中壢市水尾段水尾小段14-3等43筆(中壢市西園路底過桃園大圳左轉200米)","2002/04/15","垃圾掩埋場","環祥工程顧問有限公司","300","30","0","--"
"桃園縣復興鄉垃圾衛生掩埋場","86285","0.4640","--","--","--","復興鄉三民村水流東149,149-46,87-2,87-1地號","--","垃圾掩埋場","CDM美商旭環公司","30","30","38835","--"
"桃園縣龜山鄉簡易掩埋場","86292","3","--",",","--","龜山鄉楓樹坑段楓樹坑小段143地號","--","垃圾掩埋場","--","120","120","0","--"
"桃園縣桃園市會稽垃圾掩埋場","86287","7.6393","--","說明請見操作維護, , , , ,","1998/08/28","桃園市三聖段15、16地號。成功路3段255號","1999/07/02","垃圾掩埋場","吉磊工程顧問公司","390","0","745468","--"
"新竹縣新埔鎮簡易掩埋場","86273","3","--","金基工程有限公司,","1996/05/24","新埔鎮旱坑里上樟樹林15-1號","1996/07/01","垃圾掩埋場","浩成工程顧問公司","20","18","375000","--"
"新竹縣新豐鄉區域性垃圾掩埋場","86274","6.9915","--","肇益營造工程有限公司,","1997/05/05","新竹縣新豐鄉坑子口段614-3號","1997/11/19","垃圾掩埋場","旭豪工程顧問有限公司","100","100","150000","--"
"新竹縣峨眉鄉垃圾掩埋場","86272","6.3284","--","日南工程有限公司","1994/03/24","新竹縣峨眉鄉七星村3號","1995/05/29","垃圾掩埋場","上鼎技術股份有限公司","6","5","199600","--"
"新竹縣關西鎮公所","86278","3.0424","--",",","--","新竹縣關西鎮東山里湖肚段","--","垃圾掩埋場","--","25","23","0","--"
"新竹縣北埔簡易掩埋場","86269","2","--",",","--","新竹縣北埔鄉中山路20號","--","垃圾掩埋場","--","8","8","0","--"
"新竹縣寶山鄉簡易掩埋場","86270","0","--","無,","--","新竹縣寶山鄉雙溪村雙園路83號Fax: 03-5203053","--","垃圾掩埋場","無","10","8","0","--"
"新竹縣關西鎮垃圾掩埋場","86279","1.4022","--","甘氏營造股份有限公司,","1994/06/08","關西鎮東山里湖肚","1996/08/26","垃圾掩埋場","中亞工程顧問公司","33","25","122007","--"
"新豐區域性垃圾衛生掩埋場","86280","2.6513","--",", ,","--","新豐鄉鳳坑村614-3號","--","垃圾掩埋場","--","120","120","125808","--"
"新竹縣橫山垃圾場","86275","4.9993","--","台洋營造公司,","1998/10/05","--","--","垃圾掩埋場","橫山鄉公所","11","11","61800","--"
"新竹縣湖口鄉垃圾掩埋場","86276","3.9485","--","柏盛營造公司, ,","1994/07/01","湖口鄉埔心段埔心小段203,204,205,206,207,213,214228","1995/07/01","垃圾掩埋場","湖口鄉公所","93","82","50000","--"
"新竹縣尖石垃圾場","86271","0.65","--","龍浩營造股份有限公司,","1992/07/01","新竹縣尖石鄉義興村","1993/08/31","垃圾掩埋場","皓偉科技股份有限公司","6","6","26430","--"
"新竹縣竹東鎮掩埋場","86277","6.08","--","日南營造,","--","竹東鎮仙鎮路1號","--","垃圾掩埋場","上鼎顧問公司","87","100","310000","--"
"苗栗縣苗栗市衛生掩埋場","86348","1.98","--","大德營造股份有限公司","1997/10/17","苗栗縣新川里10鄰泉水窩","1998/06/12","垃圾掩埋場","智暉工程技術顧問公司","120","80","237600","--"
"苗栗縣公館鄉掩埋場","86335","0.8295","--","長聯營造公司","1997/06/30","公館鄉土礦坑段351-5,351-6地號","1997/11/28","垃圾掩埋場","環基工程顧問公司","30","28","0","--"
"苗栗縣通霄鎮垃圾掩埋場","86350","5.5396","--","漢記工程企業(股)公司","1998/02/21","通霄鎮烏眉里烏眉坑段973-4地號","1999/02/12","垃圾掩埋場","開元工程顧問(股)公司","40","31","126146","--"
"苗栗縣苑裡垃圾掩埋場","86344","0.2150","--","龍豐營造","2001/05/31","苑裡鎮苑裡坑段苑裡坑小段461-9地號","2001/04/10","垃圾掩埋場","利昇工程顧問公司","35","35","12000","--"
"苗栗縣造橋鄉垃圾衛生掩埋場","86351","2.36","--","徵信營造有限公司","1996/12/20","造橋鄉平興村8鄰双合窩19號(苗栗縣造橋鄉平興村8鄰19號)","1997/09/10","垃圾掩埋場","智輝工程技術顧問有限公司","20","13","85000","--"
"苗栗縣頭屋鄉區域性一般廢棄物處理場","86356","1.88","--","宏國營造有限公司, 100%","2002/01/04","頭屋鄉仁隆段845-3,847,848號","2004/07/16","垃圾掩埋場","天宇技術顧問公司","18","15","0","--"
"苗栗縣銅鑼鄉垃圾掩埋場","86352","6","--","無","--","銅鑼鄉客屬段970、973地號(本鄉七十份段1030-17.19.21地號)","--","垃圾掩埋場","無","0","35","100000","--"
"苗栗縣頭份鎮垃圾掩埋場","86353","--","--","--","--","頭份鎮廣興里尖山下段927及928地號(頭份鎮尖山下段927)","--","垃圾掩埋場","--","--","--","360585","--"
"苗栗縣苗栗市垃圾掩埋場(復育)","86346","0","--","--","--","苗栗市新川里泉水窩","--","垃圾掩埋場","--","0","0","207360","--"
"苗栗縣泰安鄉錦水垃圾掩埋場","86339","2.1750","--","錦標營造公司","1994/06/01","苗栗縣泰安鄉錦水村橫龍山","1994/11/14","垃圾掩埋場","中基公司","7","7","42420","--"
"苗栗縣竹南鎮垃圾衛生掩埋場(擴建案)","86342","15.1990","--","真善美營造有限公司","2004/04/28","苗栗縣竹南鎮海口里16鄰保安林25-42號","--","垃圾掩埋場","漢銘工程顧問有限公司","0","0","175800","--"
"銅鑼鄉垃圾衛生掩埋場","86371","0","--","--","--","苗栗縣銅鑼鄉福興村11鄰七十七之一號","--","垃圾掩埋場","--","0","0","0","--"
"苗栗縣西湖鄉垃圾掩埋場","86349","3.9796","--","事恒開發工程公司","1994/05/06","西湖鄉二湖村二湖段596-14地號","1994/12/09","垃圾掩埋場","旭豪工程顧問有限公司","10","7","57600","--"
"苗栗縣後龍鎮公所緊急應變場","86338","0.50","--","台昌營造有限公司","2001/08/23","後龍鎮苦苓腳段528-14.15.18等地號","2001/12/24","垃圾掩埋場","漢銘工程顧問公司","0","0","64800000","--"
"苗栗縣卓蘭鎮垃圾掩埋場","86336","0.6280","--","--","1999/03/15","卓蘭鎮新段701-1","2000/01/20","垃圾掩埋場","--","0","0","720000","--"
"苗栗縣頭屋鄉垃圾衛生掩埋場","86357","1.1586","--","徵信營造有限公司","1999/02/23","頭屋鄉仁隆段842、849及845-3地號","1999/06/21","垃圾掩埋場","期順工程有限公司","18","17","11586","--"
"苗栗縣獅潭鄉衛生掩埋場","86340","3.20","--","日泰營造有限公司","2002/12/26","獅潭鄉獅潭段洽坑小段30-93地號","2003/04/23","垃圾掩埋場","漢銘工程顧問有限公司","5","5","100000","--"
"苗栗縣南庄鄉衛生掩埋場","86337","1.50","--","如億營造有限公司","1991/11/03","南庄鄉東村大同路三號","1992/05/17","垃圾掩埋場","智暉技術顧問公司","0","0","299000","--"
"苗栗縣苗栗市垃圾衛生掩埋場二期擴建","86347","1.98","--","建順營造有限公司","2003/01/09","苗栗市新川里泉水窩","2003/12/08","垃圾掩埋場","漢銘工程顧問有限公司","85","75","65000","--"
"苗栗縣三灣鄉垃圾衛生掩埋場","86333","0.45","--","金富榮營造有限公司","1997/12/29","三灣鄉大河段369等15筆地號","1998/10/15","垃圾掩埋場","智暉工程顧問公司","6","7","9000","--"
"苗栗大湖鄉二期垃圾掩埋場","86332","2.3440","--","立東營造公司","2000/02/24","大湖鄉富興村九寮坑821.821-4等42筆地號(苗栗縣大湖鄉富興村八寮灣)","2002/05/31","垃圾掩埋場","天宇設計公司","25","25","0","--"
"苗栗縣三義鄉垃圾衛生掩埋場","86334","1.60","--","事恆工程開發公司","1990/12/21","三義鄉復興路30號","1991/06/19","垃圾掩埋場","智暉工程顧問","20","20","57000","--"
"苗栗縣頭份鎮垃圾衛生掩埋場","86354","3.4427","--","進耀營造有限公司","1991/11/02","頭份鎮廣興里","1992/06/03","垃圾掩埋場","中基工程顧問有限公司","80","80","360585","--"
"通霄鎮垃圾衛生掩埋場","86359","5.5396","--",", ,","--","苗栗縣通霄鎮中正路8號","--","垃圾掩埋場","--","0","33","143000","--"
"苗栗縣苗栗市垃圾掩埋場(復育)","86346","0","--","--","--","苗栗市新川里泉水窩","--","垃圾掩埋場","--","0","0","207360","--"
"苗栗縣頭份鎮垃圾衛生掩埋場(第四期)","86355","1.59","--","宜德營造廠有限公司","2000/07/24","頭份鎮廣興里","2001/03/02","垃圾掩埋場","王技工程顧問有限公司","100","90","48000","--"
"苗栗縣竹南鎮垃圾衛生掩埋場(三期)","86341","4.95","--","如億營造有限公司","1997/03/20","苗栗縣竹南鎮海口里16鄰保安林25-42號","1998/08/31","垃圾掩埋場","智暉工程顧問有限公司","220","220","364000","--"
"苗栗縣竹南鎮衛生掩埋場二期(復育)","86343","0","--","漢記工程企業股份有限公司","1993/01/08","苗栗縣竹南鎮海口里16鄰保安林25-42號","1994/05/14","垃圾掩埋場","開元工程顧問股份有限公司","0","0","193500","--"
"彰化縣線西伸港簡易掩埋場","86262","0.10","--","營造股份有限公司, ,","--","彰濱工業區綠帶","1999/07/28","垃圾掩埋場","--","0","18","0","--"
"彰化縣埤頭鄉埔東垃圾掩埋場","86245","0.6038","--","大松營造","--","埤頭鄉埔東段350地號","--","垃圾掩埋場","上鼎工程顧問公司","25","24","0","--"
"彰化縣二林鎮垃圾衛生掩埋場","86238","2.7330","--","總興營造工程有限公司","1993/02/10","--","1993/09/07","垃圾掩埋場","智暉工程顧問有限公司","43","48","90000","--"
"彰化縣秀水鄉垃圾場","86260","1.0294","--","--","--","彰化縣秀水鄉民生街","--","垃圾掩埋場","--","10","11","0","--"
"彰化縣福興(含芳苑)地區區域性垃圾聯合掩埋場","86259","8.60","--","福立營造有限公司","--","芳苑鄉漢寶園段1081地號(芳苑鄉漢寶北段海堤旁)","--","垃圾掩埋場","三冠工程顧問公司","25","35","245000","--"
"彰化縣田中鎮衛生掩埋場舊場","86253","1.45","--","立益營造工程公司","1993/01/18","田中鎮內三塊厝段1042號四筆","1993/07/26","垃圾掩埋場","吉磊工程公司","40","40","43200","--"
"彰化縣鹿港鎮垃圾衛生掩埋場","86265","2.62","--","總興營造有限公司,","1991/11/23","鹿港東石段1124.1125.1126.1127地號","--","垃圾掩埋場","同左","58","80","118675","--"
"彰化縣鹿港鎮衛生掩埋場(復育)","86266","--","--","--","--","鹿港鎮頂厝里頂厝巷18~30號(頂厝段2203地號)","--","垃圾掩埋場","--","--","--","0","--"
"彰化縣永靖鄉垃圾衛生掩埋場","86249","0.6072","--","--","--","八寶二圳東溝南岸","--","垃圾掩埋場","--","32","32","0","--"
"彰化縣田尾應急垃圾衛生掩埋場","86254","0.3680","--","聖益營造有限公司","1999/03/08","公所路201號","1999/09/17","垃圾掩埋場","吉優工程顧問有限公司","25","24","21000","--"
"彰化縣大村鄉掩埋場","86247","0.9266","--","總興營造, ,","--","大村鄉大橋村過溝4巷9之2號","--","垃圾掩埋場","上鼎技術顧問股份有限公司","0","0","0","--"
"彰化縣永靖鄉垃圾掩埋場","86248","0.6416","--","--","--","永靖鄉永西村瑚璉路230號","--","垃圾掩埋場","--","32","32","0","--"
"社頭鄉垃圾掩埋場","86310","1.0506","--","--","--","山腳路與南厝坑交點附近","--","垃圾掩埋場","--","0","0","42000","--"
"彰化縣埔鹽鄉垃圾掩埋場","86244","0.66","--","--","--","舊濁水溪北岸石埤橋附近","--","垃圾掩埋場","--","0","0","10896","--"
"彰化縣芬園鄉衛生掩埋場","86264","1","--","--","--","芬園鄉溪頭村縣庄段534-1號","--","垃圾掩埋場","--","0","0","35000","--"
"彰化縣田尾鄉第三期衛生掩埋場","86257","0.3991","--","聖益營造有限公司","1999/03/08","彰化縣田尾鄉海豐崙段926-5，926-3號兩筆","1999/09/17","垃圾掩埋場","彰化縣田尾鄉公所","24","24","0","--"
"彰化縣員林鎮阿寶坑垃圾掩埋場","86243","4.4480","--","彰化縣員林鎮公所, , , ,","--","員林鎮大峰里阿寶巷425號","--","垃圾掩埋場","智暉工程技術顧問有限公司","150","100","43500","--"
"彰化縣線西鄉臨時垃圾場","86263","2.40","--","聖益營造有限公司","--","彰濱工業區線西區綠帶","--","垃圾掩埋場","線西鄉公所","16","24","50000","--"
"彰化縣田尾鄉應急掩埋場","86255","0.3680","--","聖益營造有限公司","1999/09/17","田尾鄉公所路201號","2002/03/08","垃圾掩埋場","吉優工程顧問有限公司","25","24","21000","--"
"彰化市草子埔垃圾衛生掩埋場","86237","6.50","--","先進營造有限公司","1993/07/03","彰化市成功里仁愛東街17號","1994/04/15","垃圾掩埋場","智暉工程技術顧問有限公司","179","180","945000","--"
"彰化縣社頭鄉簡易掩埋場","86258","1.0506","--","--","--","社頭鄉山湖村許厝寮段158-2地號(山清段13)","--","垃圾掩埋場","--","0","0","4341","--"
"鹿港鎮彰濱工業區灰渣掩埋場","86436","2.6236","--","--","--","彰濱工業區鹿港西一區","--","垃圾掩埋場","--","0","50","113000","--"
"彰化縣竹塘鄉衛生掩埋場","86261","0.7043","--","啟記工程營造公司","1999/12/09","fax: 04-8971145","2000/05/08","垃圾掩埋場","吉優工程顧問有限公司","11","11","32000","--"
"彰化縣北斗垃圾衛生掩埋場","86239","1.6255","--","--","--","北斗鎮文昌里地政路2-1號","--","垃圾掩埋場","--","0","0","65020","--"
"彰化縣溪湖鎮垃圾掩埋場(三期)","86250","0.2088","--","營泰營造工程有限公司","2000/01/03","舊濁水溪北岸","2000/08/05","垃圾掩埋場","智暉公司","43","4","17000","--"
"臨時垃圾衛生掩埋場","86313","0","--","--","--","彰濱工業區線西區綠帶","--","垃圾掩埋場","--","0","0","0","--"
"彰化縣和美鎮區域性一般廢棄物衛生掩埋場〈灰渣〉","86242","1.9718","--","陳福益營造股份有限公司,","2002/07/31","和美鎮塗厝厝段嘉寶潭小段334-18等地號(嘉寶里嘉寶潭堤防旁)","2002/12/16","垃圾掩埋場","如規劃設計單位","35","40","68425","--"
"彰化縣埤頭鄉埔東段垃圾衛生掩埋場","86246","0.6038","--","大松營造","--","元埔農場附近","--","垃圾掩埋場","上鼎工程顧問公司","25","24","25000","--"
"彰化縣田尾鄉第三垃圾衛生掩埋場","86256","0.6139","--","聖益營造股份有限公司","--","田尾鄉公所路201號","1999/09/17","垃圾掩埋場","吉優工程顧問有限公司","24","24","0","--"
"彰化縣和美垃圾場","86241","1.7420","--","丁元營造有限公司, , , , , ,","1989/02/18","彰化縣和美鎮彰新路三段636巷661號","1989/12/15","垃圾掩埋場","上鼎技術顧問公司","31","40","78000","--"
"溪州鄉區域性垃圾衛生掩埋場","86294","6.80","--","隆立","1995/08/06","溪州鄉過溪仔段164號","1997/07/10","垃圾掩埋場","佳境","300","240","610000","--"
"彰化縣溪湖鎮垃圾掩埋場(二期)","86251","0.4585","--","弘達營造有限公司","1995/07/17","溪湖鎮中興段1151、1152","1996/02/04","垃圾掩埋場","智暉公司","43","0","50435","--"
"線西鄉彰濱工業區臨時垃圾衛生掩埋場","86312","2.40","--","聖益營造有限公司","--","彰濱工業區線西區綠帶","--","垃圾掩埋場","吉磊工程顧問公司","16","24","50000","--"
"彰化市垃圾衛生掩埋場","86236","6.75","--","先進營造公司","--","彰化市桃源里環山路","--","垃圾掩埋場","智暉工程顧問公司","220","220","0","--"
"彰化縣田中鎮衛生掩埋場(新場)","86252","1.4491","--","立益營造工程公司","1993/01/18","大崙里興酪橋附近","1993/07/26","垃圾掩埋場","吉磊工程公司","43","46","0","--"
"彰化縣北斗鎮衛生掩埋場(復育)","86240","0.7850","--","--","--","北斗鎮文昌里地政路2-1號","--","垃圾掩埋場","--","35","35","0","--"
"南投縣草屯垃圾掩埋場","86053","0","--","尚宏營造","--","草屯鎮北勢湳段8-35號","2001/05/01","垃圾掩埋場","--","88","0","79264","--"
"南投市垃圾場","86044","5.57","--","惠基營造有限公司,","1992/12/21","南投市牛運崛垃圾場〈投139公路〉","1993/06/01","垃圾掩埋場","吉磊工程顧問公司","110","110","61330","--"
"南投縣集集鎮垃圾掩埋場","86054","2.6324","--","肇益營造有限公司","1997/04/23","集集鎮和平里雞籠山小段550號","--","垃圾掩埋場","中琦顧問有限公司","13","11","55524","--"
"竹山鎮衛生掩埋場(二期)","86311","3.20","--","豐全營造有限公司 , , ,","2001/01/16","竹山鎮中和里前山路二段222巷87之16號","2001/08/14","垃圾掩埋場","天宇技術顧問有限公司","65","0","135000","--"
"南投縣名間垃圾掩埋場","86047","0.90","--","源宏營造有限公司,","2000/09/03","名間鄉下新段202-21地號","2001/01/20","垃圾掩埋場","中揚工程顧問公司","30","25","9000","--"
"南投縣水里鄉簡易掩埋場","86051","2","--","--","--","台16線16k","--","垃圾掩埋場","--","17","16","0","--"
"南投縣中寮區域性垃圾場","86045","3","--",",","--","中寮鄉二重溪段700-2等地號20筆","1995/11/01","垃圾掩埋場","--","200","10","0","--"
"南投市垃圾場","86044","5.57","--","惠基營造有限公司,","1992/12/21","南投市牛運崛垃圾場〈投139公路〉","1993/06/01","垃圾掩埋場","吉磊工程顧問公司","110","110","61330","--"
"南投縣魚池鄉垃圾衛生掩埋場","86055","0.80","--","金裕營造有限公司","--","南投縣魚池鄉魚池段839-1號","--","垃圾掩埋場","聯聖工程顧問有限公司","16","16","52800","--"
"南投縣信義鄉簡易掩埋場","86046","0.20","--","--","--","信義鄉第五段705號","--","垃圾掩埋場","--","13","13","0","--"
"南投縣國姓鄉區域垃圾掩埋場","86049","5","--","彰慶營造公司,","--","國姓鄉埔源段544-1、484","--","垃圾掩埋場","期順公司","20","18","750000","--"
"南投縣竹山區域性垃圾衛生掩埋場","86052","6.3848","--","彰慶營造工程有限公司 , , ,","1995/12/15","竹山鎮中和里前山路2段222巷87-16號","1996/12/09","垃圾掩埋場","期順工程有限公司","85","50","251700","--"
"南投縣名間鄉垃圾場","86048","1.05","--","上源營造公司, ,","1993/01/13","名間鄉下新厝段202-21號","1993/06/26","垃圾掩埋場","中揚工程顧問公司","30","30","53000","--"
"南投縣埔里鎮桃米里簡易掩埋場","86050","3.4471","--",",","--","桃米里","--","垃圾掩埋場","--","75","50","150840","--"
"雲林縣台西鄉三姓垃圾衛生掩埋場(復育)","86380","--","--","--","--","台西鄉三姓段二二六地號","--","垃圾掩埋場","--","--","--","46200","--"
"雲林縣二崙鄉垃圾掩埋場","86373","4.60","--","二崙鄉公所","1999/06/04","二崙鄉港後段4-1244第1筆土地","2000/11/06","垃圾掩埋場","台加顧問股份有限公司","26","26","144223","--"
"雲林縣東勢鄉簡易掩埋場(新場)","86391","1.98","--","中宏營造有限公司","2000/12/11","雲林縣東勢鄉同安段694地號","2001/06/01","垃圾掩埋場","台灣威士盟顧問有限公司","18","16","95633","--"
"雲林縣元長鄉垃圾衛生掩埋場(復育)","86374","--","--","--","--","元長鄉長南段1267.1268.1269.1270.1271號","--","垃圾掩埋場","--","--","--","39576","--"
"雲林縣林內鄉垃圾掩埋場","86509","1.80","--","--","--","林內鄉新庄子段3-20地號","--","垃圾掩埋場","--","0","0","0","--"
"西螺區域性垃圾衛生掩埋場","86358","12","--","第一期:億榮營造有限公司,","1991/10/23","雲林縣西螺鎮安定里堤防路2號","1992/06/12","垃圾掩埋場","上鼎技術顧問股份有限公司","50","90","380688","--"
"雲林縣崙背鄉垃圾掩埋場","86386","1.60","--","巨筑營造股份有限公司","1999/07/12","崙背鄉貓兒干段1-8地號(崙背鄉南光路5號)","2000/01/12","垃圾掩埋場","聯聖工程顧問有限公司","30","25","96000","--"
"雲林縣莿桐鄉垃圾掩埋場(新場)","86394","8.9669","--","群福營造有限公司, , ,","2001/12/24","莿桐鄉麻園段11-3地號(莿桐鄉麻園段11-3地號)","2003/11/06","垃圾掩埋場","台灣威士盟大地顧問公司","30","20","45889","--"
"雲林縣虎尾鎮垃圾場(新場)","86396","4.8076","--","光億營造公司","2002/01/07","虎尾鎮過溪仔段876-4號(雲林縣虎尾鎮下溪里溪底四號，雲林縣虎尾鎮過溪子段876-32等14筆)","2003/08/20","垃圾掩埋場","式新技術公司","65","70","156875","--"
"雲林縣土庫鎮簡易垃圾掩埋場","86385","1.2760","--","台基營造有限公司","1994/02/14","土庫鎮忠正里中山路252號","1994/06/24","垃圾掩埋場","中基工程顧問公司","35","32","43200","--"
"雲林縣台西鄉垃圾掩埋場","86381","1","--","--","--","雲林縣台西鄉中山路293號","--","垃圾掩埋場","同興建築師事務所","30","30","0","--"
"雲林縣麥寮鄉麥寮衛生掩埋場","86401","--","--","--","--","麥寮鄉中山段233地號","--","垃圾掩埋場","--","--","--","0","--"
"雲林縣東勢鄉簡易掩埋場(新場)","86391","1.98","--","中宏營造有限公司","2000/12/11","雲林縣東勢鄉同安段694地號","2001/06/01","垃圾掩埋場","台灣威士盟顧問有限公司","18","16","95633","--"
"雲林縣台西鄉三姓垃圾衛生掩埋場(復育)","86380","--","--","--","--","台西鄉三姓段二二六地號","--","垃圾掩埋場","--","--","--","46200","--"
"雲林縣北港鎮衛生掩埋場(新場)","86376","1.95","--","光億營造有限公司, ,","2000/11/25","北港鎮樹子腳段767-1地號","2001/10/24","垃圾掩埋場","十山工程顧問股份有限公司","40","38","112440","--"
"雲林縣北港應急簡易掩埋場","86375","2.5710","--","贊生營造工程股份有限公司","2000/01/21","北港鎮府番段283,284號","2000/02/01","垃圾掩埋場","修豪工程顧問有限公司","14","12","174300","--"
"雲林縣莿桐鄉公所簡易掩埋場(舊場)","86393","0.9669","--","雇工處理","--","莿桐鄉麻園11-3地號","--","垃圾掩埋場","--","30","30","50000","--"
"雲林縣口湖鄉簡易掩埋場","86377","1","--","--","--","水林鄉塭底村","--","垃圾掩埋場","--","25","25","0","--"
"雲林縣虎尾鎮垃圾場","86395","4.1017","--","隆立營造股份有限公司","1987/05/20","雲林縣虎林鎮下溪里溪底4號","1990/04/15","垃圾掩埋場","上鼎技術顧問公司","50","70","217000","--"
"雲林縣褒忠鄉垃圾掩埋場","86397","3.9334","--","東霸營造有限公司,","1995/09/06","褒忠鄉有才村北興46號","1996/05/05","垃圾掩埋場","定和工程顧問有限公司","15","13","94495","--"
"雲林縣麥寮鄉垃圾掩埋場","86398","1.77","--","--","--","麥寮段44-17,44-61,44-64,44-63號","--","垃圾掩埋場","銓鑫公司","10","25","46200","--"
"元長鄉垃圾衛生掩埋場","86041","1.7488","--","丁元營造有限公司","2001/04/27","雲林縣元長鄉崙仔村安北路200號","--","垃圾掩埋場","天宇技術顧問有限公司","35","30","85000","--"
"雲林縣二崙鄉垃圾掩埋場","86373","4.60","--","二崙鄉公所","1999/06/04","二崙鄉港後段4-1244第1筆土地","2000/11/06","垃圾掩埋場","台加顧問股份有限公司","26","26","144223","--"
"雲林縣崙背鄉衛生掩埋場(復育)","86387","0","--","--","--","雲林縣崙背鄉日庄村","--","垃圾掩埋場","--","0","0","59470","--"
"雲林縣麥寮鄉許厝寮垃圾衛生掩埋場","86399","--","--","--","--","麥寮鄉中山段233地號","--","垃圾掩埋場","--","--","--","0","--"
"雲林縣水林鄉簡易掩埋場","86392","0.8695","--","--","--","水林鄉底村","--","垃圾掩埋場","--","25","23","0","--"
"雲林縣四湖鄉垃圾掩埋場","86382","5.5265","--","昇輝營造股份有限公司","1996/04/17","四湖鄉林厝寮段4694號","1997/04/30","垃圾掩埋場","上鼎技術顧問股份有限公司","20","25","250087","--"
"雲林縣古坑鄉垃圾場","86378","0.56","--","古坑鄉公所, , , ,","--","古坑鄉崁腳段312號","--","垃圾掩埋場","上鼎工程技術顧問公司","16","30","120000","--"
"雲林縣斗六市垃圾場","86388","3.50","--","罡輝營造公司","2000/12/11","斗六市三光里部子25號","--","垃圾掩埋場","聯聖工程顧問公司","70","65","0","--"
"雲林縣斗南鎮垃圾掩埋場","86389","9.3721","--","承營營造有限公司","2000/02/15","斗南鎮東明段415地號等7筆(斗南鎮東明段403,409,413,414號)","2000/11/15","垃圾掩埋場","王技工程顧問公司","55","45","203358","--"
"雲林縣土庫鎮垃圾衛生掩埋場(新場)","86384","4.50","--","太龍營造公司, ,","2001/09/10","土庫鎮新南段1128-1地號(土庫鎮新南投1128地號)","--","垃圾掩埋場","台灣威士盟大地工程顧問公司","35","32","38500","--"
"雲林縣麥寮鄉麥寮衛生掩埋場","86401","--","--","--","--","麥寮鄉中山段233地號","--","垃圾掩埋場","--","--","--","0","--"
"雲林縣土庫鎮垃圾掩埋場","86383","--","--","--","--","土庫鎮光復段1064、1067等地號","--","垃圾掩埋場","--","--","--","74400","--"
"嘉義縣中埔鄉垃圾掩埋場","86172","0","--","力建工木包, ,","1998/09/24","嘉義縣中埔鄉同仁村柚仔宅林111-1號地","--","垃圾掩埋場","--","50","45","0","--"
"嘉義縣朴子市佳禾里第一期衛生掩埋場","86185","--","--","--","--","朴子市佳禾里","--","垃圾掩埋場","--","--","--","0","--"
"嘉義縣溪口二期垃圾掩埋場","86193","0.9010","--","丁元營造有限公司, , , ,","1997/06/18","嘉義縣溪口鄉坪頂村","1998/06/21","垃圾掩埋場","王技工程顧問公司","20","20","9010","--"
"嘉義縣大林鎮垃圾衛生掩埋場","86176","1.2665","--","豐源營造(股)公司,","1999/12/30","大林鎮過溪里油庫電10-8號(大林鎮林頭段16-66&lt;16-67&lt;16-68地號)","2001/11/27","垃圾掩埋場","十山工程顧問有限公司","30","30","71450","--"
"嘉義縣六腳鄉垃圾掩埋場","86173","1.8923","--","金豊營造有限公司, ,","1988/07/16","嘉義縣六腳鄉竹子腳段竹嘉小段7,8,9,10,11,12號地號","1989/03/10","垃圾掩埋場","上鼎技術顧問有限公司","15","25","104000","--"
"嘉義縣水上鄉垃圾掩埋場(區域場)","86191","4.9950","--","固全營造有限公司,","2001/10/21","水上巷口段巷口小段21之1","2002/08/21","垃圾掩埋場","十山工程顧問股份有限公司","0","0","240000","--"
"嘉義縣竹崎鄉垃圾掩埋場","86195","7.3358","--","柏盛營造公司,","1995/04/17","竹崎鄉灣橋段1117號(嘉義縣竹崎鄉灣橋村31鄰田尾)","1997/05/29","垃圾掩埋場","期順顧問公司","60","45","256000","--"
"嘉義縣六腳鄉竹子腳掩埋場","86174","1.8923","--","金豐營造有限公司, ,","1988/07/16","六腳鄉竹子腳段竹嘉小段7,8,9,10,11,12號地號","1989/03/10","垃圾掩埋場","上鼎技術顧問有限公司","15","25","104000","--"
"嘉義縣太保市茄苳腳段衛生掩埋場(復育)","86178","--","--","--","--","嘉義縣太保市春珠里茄苳腳","--","垃圾掩埋場","--","--","--","77400","--"
"嘉義縣義竹鄉一期垃圾衛生掩埋場(復育)","86197","4.2389","--","丁元營造有限公司,","1998/12/31","義竹鄉竹圍段竹圍小段1068號等16筆","--","垃圾掩埋場","王技工程顧問有限公司","22","21","88000","--"
"嘉義縣新港鄉垃圾掩埋場","86181","2.7211","--","興福營造股份有限公司","1989/12/06","--","1990/10/30","垃圾掩埋場","新港鄉公所","45","40","0","--"
"嘉義縣布袋鎮簡易掩埋場","86179","0.90","--","威通土木包工業, ,","2001/04/27","布袋鎮樹林里","2001/06/01","垃圾掩埋場","進德工程顧問有限公司","40","40","40000","--"
"嘉義縣溪口一期衛生掩埋場","86192","0.9010","--","丁元營造有限公司, ,","1997/06/18","嘉義縣溪口鄉坪頂村","1998/06/21","垃圾掩埋場","王技工程顧問公司","20","20","9010","--"
"嘉義縣新港鄉溪北垃圾掩埋場","86182","--","--","--","--","新港鄉溪北段961,951-974等11筆","--","垃圾掩埋場","--","--","--","103000","--"
"嘉義縣水上鄉垃圾掩埋場(區域場)","86191","4.9950","--","固全營造有限公司,","2001/10/21","水上巷口段巷口小段21之1","2002/08/21","垃圾掩埋場","十山工程顧問股份有限公司","0","0","240000","--"
"嘉義縣阿里山鄉垃圾掩埋場","86198","0","--","生大營造有限公司,","1993/03/22","嘉義縣阿里山","1994/01/15","垃圾掩埋場","上鼎技術顧問公司","0","5","0","--"
"嘉義縣義竹垃圾掩埋場","86196","4.2389","--","丁元營造有限公司, , ,","1998/12/30","義竹鄉頭竹圍段竹圍小段號1036號等16筆","1999/07/28","垃圾掩埋場","王技工程顧問有限公司","22","21","88000","--"
"嘉義縣太保市公所白鵨厝垃圾掩埋場","86177","1.2667","--","裕祥營造有限公司, ,","2000/10/06","太保市太保里66號","2001/10/25","垃圾掩埋場","十山工程顧問公司","30","20","50860","--"
"嘉義縣朴子市佳禾里第一期垃圾衛生掩埋場(復育)","86184","--","--","--","--","嘉義朴子市佳禾里","--","垃圾掩埋場","--","--","--","0","--"
"嘉義縣番路鄉簡易掩埋場","86194","0.60","--",",","--","番路鄉民和村 fax:05-2590981","--","垃圾掩埋場","--","15","15","11000","--"
"嘉義縣東石鄉簡易掩埋場","86188","0.25","--",",","--","嘉義縣東石鄉東石村3號","--","垃圾掩埋場","--","0","0","6000","--"
"嘉義縣朴子市休閒公園(佳禾里竹圍段)","86183","--","--","--","--","嘉義朴子市下竹圍段佳禾小段433地號","--","垃圾掩埋場","--","--","--","0","--"
"嘉義縣朴子市應急衛生掩埋場","86187","2.5748","--","裕祥營造有限公司, , ,","1999/06/22","朴子市鴨母寮段竹林小段196地號","--","垃圾掩埋場","十山工程顧問股份有限公司","55","0","242450","--"
"嘉義縣大埔鄉垃圾衛生掩埋場","86175","1.50","--","丁元營造有限公司, , ,","1989/11/09","嘉義縣大埔鄉大埔村4鄰54號","1991/05/05","垃圾掩埋場","上鼎技術顧問股份有限公司","4","5","59000","--"
"嘉義縣鹿草鄉馬稠後垃圾衛生掩埋場","86199","1.5456","--","大田營造有限公司, , ,","1996/06/22","嘉義縣鹿草鄉馬稠後段豐稠小段38號","1996/12/07","垃圾掩埋場","鼎康工程顧問股份有限公司","24","20","49910","--"
"嘉義縣朴子市垃圾掩埋場","86186","2.5748","--","裕祥營造有限公司","1999/06/22","朴子市鴨母寮段竹村小段197地號","--","垃圾掩埋場","十山工程顧問股份有限公司","55","0","242450","--"
"嘉義縣民雄鄉垃圾掩埋場","86189","7.9211","--","毅贏營造股份有限公司, , , ,","1996/08/14","民雄鄉松山村後山仔37-1號(嘉義縣民雄鄉松山村後山仔段3號等12筆土地)","1997/10/31","垃圾掩埋場","力鼎技術顧問(股)公司","70","75","1153250","--"
"嘉義縣新港鄉區域性垃圾衛生暨灰渣掩埋場","86180","4.90","--","--","--","新港鄉大客段大客小段15號(新港鄉潭大村大客段15-1號)","--","垃圾掩埋場","--","0","0","0","--"
"屏東縣高樹鄉垃圾掩埋場","86234","0.90","--","高樹鄉公所","1999/06/22","屏東縣高樹鄉田子段714號","1999/09/20","垃圾掩埋場","高樹鄉公所","28","28","35000","--"
"牡丹鄉衛生掩埋場","86308","3","--","先進營造有限公司","1993/11/13","屏東縣牡丹鄉四林村","1994/06/30","垃圾掩埋場","牡丹鄉公所","3","3","18000","--"
"屏東枋寮鄉垃圾掩埋場","86217","16.6181","--","詳操作與維護","2001/08/02","枋寮鄉玉泉村農場路130號","2002/04/09","垃圾掩埋場","王技公司","130","200","1000000","--"
"屏東縣屏東市垃圾掩埋場","86221","7","--","伸泰營造有限公司","1998/01/16","屏東市頭前溪段1393-1地號","1998/05/18","垃圾掩埋場","屏東市公所","230","230","113000","--"
"屏東縣霧台鄉簡易掩埋場","86233","2","--","--","--","屏東縣霧台鄉霧台村三鄰神山巷73號","--","垃圾掩埋場","--","6","4","3000","--"
"屏東縣南州來義垃圾掩埋場","86220","1.80","--","一同營造","2000/07/03","南州鄉壽之村大同路153巷599號","2000/12/06","垃圾掩埋場","王技工程","16","16","62600","--"
"屏東縣九如鄉第二期垃圾掩埋場","86219","2.20","--","彰慶營造工程公司","1993/03/08","屏東縣九如鄉九明村崁頂街一巷100號","1994/11/02","垃圾掩埋場","期順工程顧問有限公司","16","25","56234","--"
"屏東縣東港一、二期垃圾掩埋場","86223","4","--","乾隆營造","--","屏東縣東港鎮興和里平和路100號","--","垃圾掩埋場","王技顧問公司","41","89","140000","--"
"屏東縣獅子鄉簡易掩埋場","86229","0.80","--","--","--","屏東縣獅子鄉楓林段218地號","--","垃圾掩埋場","--","5","5","0","--"
"屏東縣鹽埔鄉垃圾掩埋場","86235","0","--","伸泰營造","1998/06/12","鹽埔鄉新園段","--","垃圾掩埋場","中山顧問公司","30","28","30000","--"
"屏東縣牡丹鄉垃圾掩埋場","86228","0","--","光進營造工程有限公司","1993/11/13","屏東縣牡丹鄉四林段1478號","1994/06/30","垃圾掩埋場","--","6","5","85000","--"
"牡丹鄉衛生掩埋場","86308","3","--","先進營造有限公司","1993/11/13","屏東縣牡丹鄉四林村","1994/06/30","垃圾掩埋場","牡丹鄉公所","3","3","18000","--"
"屏東縣恆春鎮垃圾掩埋場","86222","10","--","恆春鎮公所","--","恆春鎮山腳里恆東路61號","--","垃圾掩埋場","--","100","106","490000","--"
"屏東縣潮州鎮垃圾掩埋場","86227","1.20","--","鍾泰營造有限公司","1999/03/20","潮州鎮三四林段一小段47號","1999/03/20","垃圾掩埋場","--","70","70","0","--"
"屏東縣萬巒鄉簡易掩埋場","86232","0.50","--","--","--","五溝","--","垃圾掩埋場","--","18","18","0","--"
"屏東縣東港三期垃圾掩埋場","86224","4","--","乾隆營造","--","屏東縣東港鎮興和里和平路100號","--","垃圾掩埋場","榮成營造","73","58","100000","--"
"屏東縣三地門鄉垃圾掩埋場","86218","1","--",",","--","屏東縣三地門鄉阿鳥段1097,1096等號地","--","垃圾掩埋場","--","5","5","0","--"
"屏東縣東港鎮區域性衛生垃圾掩埋場","86225","0","--","乾隆營造","1999/12/01","屏東縣東港鎮興和里平和路100號","2000/07/30","垃圾掩埋場","榮成營造","73","58","0","--"
"屏東縣滿州鄉簡易掩埋場","86226","10","--","--","--","滿州鄉永靖村北勢山頂上","--","垃圾掩埋場","--","18","13","350000","--"
"屏東縣竹田鄉舊垃圾掩埋場","86230","0","--",",","--","竹田鄉竹田段103-21","--","垃圾掩埋場","--","0","0","25200","--"
"屏東縣萬丹簡易掩埋場","86231","1.8474","--","--","--","竹林段637,637-1,639,640號土地","--","垃圾掩埋場","鄉公所","60","50","201600","--"
"台東縣海端鄉簡易垃圾掩埋場","86161","1.5330","--","本場自行開闢,屬簡易垃圾掩埋場","--","台東縣海端鄉廣原村","--","垃圾掩埋場","--","7","5","6000","--"
"台東縣金峰鄉垃圾衛生掩埋場","86166","6","--","新東錦營造公司","1994/01/07","金峰鄉嘉蘭段29-5地號(台東縣金峰鄉嘉蘭村 135 號〈嘉蘭段 900 號〉)","1994/07/22","垃圾掩埋場","上鼎技術顧問公司","5","3","12900","--"
"台東縣綠島鄉簡易掩埋場","86162","2.3633","--","展陞營造有限公司","1989/10/20","綠島鄉海參平1號(綠島鄉海參坪)","1990/05/08","垃圾掩埋場","綠島鄉公所","15","12","350000","--"
"台東縣鹿野鄉第一期垃圾衛生掩埋場","86170","--","--","--","--","鹿野鄉路野段159-33,34,35地號(台東縣鹿野鄉鹿野段159之33、34、35)","--","垃圾掩埋場","--","--","--","30000","--"
"台東縣台東市海濱公園","86151","--","--","--","--","台東市大同路底","--","垃圾掩埋場","--","--","--","264000","--"
"台東縣金峰鄉垃圾掩埋場","86165","0.8521","--","新東錦營造公司,","1994/01/07","台東縣金峰鄉嘉蘭村135號","1994/07/22","垃圾掩埋場","上鼎技術顧問公司","5","4","12900","--"
"台東縣台東市豐原衛生掩埋場","86153","10.50","--",", ,","--","台東市中華路四段999巷285號","--","垃圾掩埋場","--","110","110","0","--"
"台東縣卑南鄉垃圾衛生掩埋場","86149","0.0219","--","啟益營造有限公司, ,","1998/11/25","卑南鄉山里部落34號(嘉豐村嘉豐山里部落初鹿段號)","2000/03/18","垃圾掩埋場","上鼎,大東工程顧問公司","21","18","79917","--"
"台東縣成功鎮都歷垃圾掩埋場","86158","5.09","--","鈺發營造有限公司","1993/01/16","成功都歷利小段458-13號(台東縣成功鎮中山東路75號)","1993/07/04","垃圾掩埋場","上鼎技術顧問公司","20","18","176000","--"
"台東縣台東市知本掩埋場","86152","4.4488","--","銘峰營造股份有限公司","2002/02/01","台東市知本路一段2巷500號(台東市知本段3918-2,3919,3920,7367,7368等五筆)","--","垃圾掩埋場","大地工程顧問股份有限公司","120","0","335309","--"
"台東縣大武鄉簡易掩埋場","86154","3.50","--","信衝營造股份有限公司","2000/12/10","大武鄉大武段1619-2地號(台東縣大武鄉大武村大武街170-2號)","2001/05/09","垃圾掩埋場","漢匠工程技術顧問有限公司","5","5","4","--"
"台東縣達仁鄉臨時垃圾掩埋場","86164","0","--","--","--","台東縣達仁鄉安朔村(距安朔村約4公里)","--","垃圾掩埋場","--","4","4","0","--"
"台東縣長濱鄉簡易掩埋場","86167","1.33","--","--","--","長濱鄉長濱村濱海段2地號","--","垃圾掩埋場","--","20","15","0","--"
"台東縣蘭嶼垃圾掩埋場","86163","0.8715","--","享志營造公司","1994/07/26","蘭嶼鄉紅頭段28地號","1996/12/04","垃圾掩埋場","上鼎技術顧問公司","3","3","22742","--"
"台東縣池上鄉垃圾掩埋場","86160","7.6825","--","群壩工程顧問有限公司","1995/05/04","池上鄉新興村新興1號(池上大橋下)","1997/05/28","垃圾掩埋場","群壩工程顧問有限公司","20","9","78500","--"
"台東縣東河鄉垃圾掩埋場","86463","1.60","--","--","--","東河鄉泰源村高原段林地2723-174","--","垃圾掩埋場","--","0","0","0","--"
"台東縣太麻里鄉簡易掩埋場","86155","0.12","--","--","--","台東縣太麻里鄉多良村多良橋西側900公尺處","--","垃圾掩埋場","--","12","12","6000","--"
"台東縣關山區域掩埋場","86168","2.52","--","關山鎮公所","1999/08/01","關山都親水段417號","1999/08/30","垃圾掩埋場","關山鎮公所","7","7","50000","--"
"台東縣延平鄉延平衛生掩埋場","86156","1.4160","--","開楠營造有限公司","2001/04/09","鸞山段105一筆","2001/12/20","垃圾掩埋場","智暉工程技術顧問有限公司","4","4","45143","--"
"台東縣鹿野鄉垃圾掩埋場","86169","1.70","--","錦茂營造有限公司","2001/01/29","台東縣鹿野鄉永安村鹿野鄉鹿野段159-33,34,35地號","2001/12/10","垃圾掩埋場","台灣盛士盟顧問有限公司","10","10","85500","--"
"台東縣延平鄉鸞山簡易掩埋場","86157","1.4160","--","--","1999/12/01","延平鄉梅山里部落(鸞山段97、98二筆)","1999/12/30","垃圾掩埋場","--","6","5","0","--"
"台東縣台東市建農垃圾掩埋場","86150","4.4488","--","銘鋒營造廠有限公司, , 100%","2002/02/01","台東市知本路路一段2巷500號","2004/05/31","垃圾掩埋場","大地工程顧問公司","110","110","335309","--"
"台東縣東河鄉公所掩埋場","86159","0.0011","--","上鼎技術顧問股份有限公司","--","台東縣東河街東河鄉村64號","--","垃圾掩埋場","--","10","20","0","--"
"花蓮縣豐濱鄉三富橋簡易掩埋場","86329","1.15","--",",","--","靜浦村9鄰","--","垃圾掩埋場","--","0","0","28500","--"
"花蓮縣壽豐鄉垃圾掩埋場","86319","2.50","--","壽豐鄉公所","--","壽豐鄉豐坪村豐坪路1段16巷10號","--","垃圾掩埋場","歐陽昇建築師事務所","0","0","62500","--"
"花蓮縣新城鄉垃圾掩埋場","86322","0.9062","--","承隆營造有限公司,","2003/01/07","花蓮縣新城鄉大漢村德莊段100號","2003/11/27","垃圾掩埋場","天宇技術顧問有限公司","28","20","40990","--"
"花蓮縣花蓮市垃圾掩埋場","86327","4.6238","--","樺棋營造公司, , 100%","--","花蓮市華東15之1號","--","垃圾掩埋場","花蓮市公所","180","130","344976","--"
"花蓮縣瑞穗鄉垃圾掩埋場","86325","1.50","--","進昱營造有限公司,","1999/07/22","瑞穗鄉瑞北村瑞穗段1-66地號","1999/12/19","垃圾掩埋場","天宇技術顧問有限公司","16","10","25000","--"
"花蓮縣玉里鎮長良衛生掩埋場","86324","4.9915","--","展信營造有限公司","2000/12/28","玉里鎮永安段2987-0004地號(長良里(永安段2987-4))","--","垃圾掩埋場","天宇技術顧問公司","35","35","1850000","--"
"花蓮縣光復鄉垃圾掩埋場","86314","2.3127","--","期順工程有限公司,","1992/03/21","光復鄉大坪村佛祖街386號","1993/01/05","垃圾掩埋場","期順工程有限公司","20","16","75451","--"
"花蓮縣卓溪鄉垃圾掩埋場","86315","0.09","--","--","--","花蓮縣卓溪鄉卓溪村中正70號","--","垃圾掩埋場","--","0","0","0","--"
"花蓮縣吉安鄉垃圾掩埋場","86318","162.0536","--","聖穎營造有限公司,","2002/12/31","吉安鄉光華村4林光華5街409號(花蓮縣吉安鄉光華村第四鄰(初英二號堤防旁))","2004/06/30","垃圾掩埋場","天宇技術顧問有限公司","86","70","129500","--"
"花蓮縣新城鄉垃圾掩埋場","86322","0.9062","--","承隆營造有限公司,","2003/01/07","花蓮縣新城鄉大漢村德莊段100號","2003/11/27","垃圾掩埋場","天宇技術顧問有限公司","28","20","40990","--"
"花蓮縣秀林鄉掩埋場","86503","2.0175","--","--","--","秀林鄉秀林村3鄰民有8號","--","垃圾掩埋場","--","0","0","0","--"
"花蓮縣吉安鄉垃圾掩埋場","86318","162.0536","--","聖穎營造有限公司,","2002/12/31","吉安鄉光華村4林光華5街409號(花蓮縣吉安鄉光華村第四鄰(初英二號堤防旁))","2004/06/30","垃圾掩埋場","天宇技術顧問有限公司","86","70","129500","--"
"花蓮縣壽豐鄉垃圾掩埋場","86319","2.50","--","壽豐鄉公所","--","壽豐鄉豐坪村豐坪路1段16巷10號","--","垃圾掩埋場","歐陽昇建築師事務所","0","0","62500","--"
"花蓮縣瑞穗鄉衛生掩埋場(復育)","86326","--","--","--","--","花蓮縣瑞穗鄉瑞穗段1-71號","--","垃圾掩埋場","--","--","--","14250","--"
"花蓮縣豐濱鄉小港簡易掩埋場","86330","0.20","--",",","--","豐濱村1鄰","--","垃圾掩埋場","--","0","0","5400","--"
"花蓮縣富里鄉垃圾掩埋場","86321","1.8327","--","東誠營造公司, ,","--","富里鄉羅山村東湖12-1","--","垃圾掩埋場","--","30","20","66462","--"
"花蓮縣萬榮鄉簡易掩埋場","86328","1","--",",","--","明利段","--","垃圾掩埋場","--","3","3","0","--"
"花蓮縣卓溪鄉衛生掩埋場(復育)","86316","0","--","--","--","花蓮縣卓溪鄉崙山村一鄰61-2號","--","垃圾掩埋場","--","0","0","0","--"
"花蓮縣鳳林鎮垃圾掩埋場","86331","29","--","義繼營造有限公司,","1993/03/12","花蓮縣鳳林鎮榮開路70號","1993/12/31","垃圾掩埋場","花蓮縣鳳林鎮公所","16","14","120440","--"
"澎湖縣白沙鄉鳥嶼垃圾掩埋場","86303","0.5182","--","泰勇營造工程有限公司","1994/03/07","鳥嶼段0001-0001地號(白沙鄉鳥嶼村46之1號)","1995/04/18","垃圾掩埋場","智輝工程顧問有限公司","2","1","11034","--"
"澎湖縣湖西鄉東石垃圾掩埋場","86298","1.13","--","彭立營造有限公司","1992/04/13","湖西鄉東石段9-3號","1993/06/02","垃圾掩埋場","上鼎顧問有限公司","20","10","14000","--"
"澎湖縣馬公市簡易掩埋場(舊場)","86306","0","--","--","--","馬公市重光里","--","垃圾掩埋場","--","68","0","0","--"
"澎湖縣白沙鄉吉貝垃圾掩埋場","86300","0.8049","--","博榮營造工程有限公司","1997/05/01","吉貝002-0011地號(白沙鄉吉貝村27之9號)","1999/02/22","垃圾掩埋場","環基工程技術顧問公司","8","4","25714","--"
"澎湖縣望安鄉將軍垃圾掩埋場","86296","0.53","--","中峰營造工程有限公司","1993/02/07","將軍段859地號","1993/12/16","垃圾掩埋場","智輝工程顧問有限公司","0","2","28800","--"
"澎湖縣湖西鄉青村舊垃圾堆置點(復育)","86299","--","--","--","--","青螺段748.748-7號二筆","--","垃圾掩埋場","--","--","--","1000","--"
"澎湖縣七美鄉垃圾掩埋場","86295","0.7240","--","慶龍營造有限公司","2003/06/06","大嶼段4676-1地號等4筆土地","2003/12/31","垃圾掩埋場","漢銘工程顧問有限公司","5","1","42242","--"
"澎湖縣湖西鄉紅羅垃圾掩埋場","86502","1.6933","--","--","--","湖西鄉紅羅段2380-1地號等16筆土地","--","垃圾掩埋場","--","0","0","0","--"
"澎湖縣白沙鄉大倉垃圾掩埋場","86301","0.2249","--","澎立營造工程有限公司","1994/07/15","大倉126-0005地號(白沙鄉大倉村22之1號)","1995/10/19","垃圾掩埋場","智輝工程顧問有限公司","1","0","5590","--"
"澎湖縣馬公市垃圾掩埋場","86305","4.1225","--","--","1999/05/06","馬公市","1999/10/06","垃圾掩埋場","聯聖工程顧問有限公司","68","75","73000","--"
"澎湖縣望安鄉水垵垃圾掩埋場","86297","0.52","--","中峰營造工程有限公司","1993/02/07","水垵段507、521地號","1993/12/16","垃圾掩埋場","智輝工程顧問有限公司","3","2","25500","--"
"澎湖縣望安鄉花嶼垃圾掩埋場","86501","0.9394","--","--","--","花嶼段612-48地號","--","垃圾掩埋場","--","0","0","0","--"
"澎湖縣西嶼鄉竹灣垃圾掩埋場","86304","0.80","--","澎立營造工程有限公司","1993/04/15","西嶼鄉竹灣段2448地號(西嶼鄉竹篙灣段2478-1,2478-2地號)","1994/08/01","垃圾掩埋場","上鼎技術顧問公司","8","6","378848","--"
"澎湖縣馬公市草蓆尾垃圾衛生掩埋場","86307","--","--","--","--","未登錄地","--","垃圾掩埋場","--","--","--","525000","--"
"澎湖縣白沙鄉岐頭垃圾掩埋場","86302","1.1014","--","泰勇營造實業有限公司","1992/03/25","白沙鄉崎頭村51-4號","1992/10/20","垃圾掩埋場","智輝工程技術顧問公司","8","6","38000","--"
"金門縣烈嶼鄉垃圾掩埋場","86363","0.60","--","建得營造工程有限公司, ,","1998/04/01","烈嶼鄉楊厝1-5號","1999/06/15","垃圾掩埋場","新環工程顧問有限公司","10","8","37800","--"
"金門縣金沙鎮大洋垃圾場","86367","2","--",",","2002/05/20","金門縣金湖鎮多連段1098之2地號","--","垃圾掩埋場","--","10","-1","40000","--"
"金門縣金沙鎮鵲山垃圾衛生掩埋場","86368","2.2783","--","岩輝營造有限公司","2002/05/20","金沙鎮環島東路2段331巷66號(金門縣金沙鎮環島東路二段331巷66號)","2004/07/02","垃圾掩埋場","王技工程顧問公司","10","0","37611","--"
"金門縣金寧鄉簡易掩埋場","86365","7.6921","--","--","--","賈村垃圾場(地號)中山林段185-2號","--","垃圾掩埋場","--","10","7","22000","--"
"金門縣金寧鄉簡易掩埋場","86365","7.6921","--","--","--","賈村垃圾場(地號)中山林段185-2號","--","垃圾掩埋場","--","10","7","22000","--"
"金門縣金湖鎮新塘垃圾掩埋場","86369","5.6140","--","坤達營造工程有限公司,","1996/07/12","金湖鎮新塘","1997/10/24","垃圾掩埋場","康城工程顧問股份有限公司","40","15","100278","--"
"金門縣金湖鎮新塘衛生掩埋場(復育)","86370","--","--","--","--","金湖鎮料羅段152-1號(金湖鎮料羅新塘)","--","垃圾掩埋場","--","--","--","144000","--"
"金門縣金城鎮赤山垃圾掩埋場","86364","2.05","--","坤達營造工程有限公司, , ,","1997/07/15","金城鎮小古崗100號(金門縣金城鎮小古崗100號)","1999/02/11","垃圾掩埋場","昇駿工程顧問有限公司","40","15","5000","--"
"連江縣南竿掩埋場","86362","0.2912","--","--","--","南竿鄉復興段2225等13筆","--","垃圾掩埋場","新環工程顧問公司","15","15","0","--"
"東莒島垃圾掩埋場","15402792","0.6225","--","--","--","福正段６０１，６０４，９１５","--","--","--","--","--","--","--"
"連江縣北竿鄉衛生掩埋場","86361","1.3260","--","駿喬營造有限公司","2001/12/24","北竿鄉橋仔段501-1000,61-1000","--","垃圾掩埋場","中華顧問工程司","10","0","28000","--"
"連江縣北竿鄉垃圾場","86360","0.40","--","--","--","北竿鄉里村","--","垃圾掩埋場","--","10","10","0","--"
"西莒島垃圾掩埋場","15402793","0.50","--","--","--","田沃段２５，１１２２，１１２４，１１２５，１１２６","--","--","--","--","--","--","--"
"東引鄉垃圾掩埋場","15402794","0.40","--","--","--","東引鄉東引東段１０２，１０３，１０４等１４筆","--","--","--","--","--","--","--"